UniProt_ID,Protein_Sequence
P0ABQ4,MISLIAALAVDRVIGMENAMPWNLPADLAWFKRNTLNKPVIMGRHTWESIGRPLPGRKNIILSSQPGTDDRVTWVKSVDEAIAACGDVPEIMVIGGGRVYEQFLPKAQKLYLTHIDAEVEGDTHFPDYEPDDWESVFSEFHDADAQNSHSYCFEILERR
P10275,MEVQLGLGRVYPRPPSKTYRGAFQNLFQSVREVIQNPGPRHPEAASAAPPGASLLLLQQQQQQQQQQQQQQQQQQQQQQQETSPRQQQQQQGEDGSPQAHRRGPTGYLVLDEEQQPSQPQSALECHPERGCVPEPGAAVAASKGLPQQLPAPPDEDDSAAPSTLSLLGPTFPGLSSCSADLKDILSEASTMQLLQQQQQEAVSEGSSSGRAREASGAPTSSKDNYLGGTSTISDNAKELCKAVSVSMGLGVEALEHLSPGEQLRGDCMYAPLLGVPPAVRPTPCAPLAECKGSLLDDSAGKSTEDTAEYSPFKGGYTKGLEGESLGCSGSAAAGSSGTLELPSTLSLYKSGALDEAAAYQSRDYYNFPLALAGPPPPPPPPHPHARIKLENPLDYGSAWAAAAAQCRYGDLASLHGAGAAGPGSGSPSAAASSSWHTLFTAEEGQLYGPCGGGGGGGGGGGGGGGGGGGGGGGEAGAVAPYGYTRPPQGLAGQESDFTAPDVWYPGGMVSRVPYPSPTCVKSEMGPWMDSYSGPYGDMRLETARDHVLPIDYYFPPQKTCLICGDEASGCHYGALTCGSCKVFFKRAAEGKQKYLCASRNDCTIDKFRRKNCPSCRLRKCYEAGMTLGARKLKKLGNLKLQEEGEASSTTSPTEETTQKLTVSHIEGYECQPIFLNVLEAIEPGVVCAGHDNNQPDSFAALLSSLNELGERQLVHVVKWAKALPGFRNLHVDDQMAVIQYSWMGLMVFAMGWRSFTNVNSRMLYFAPDLVFNEYRMHKSRMYSQCVRMRHLSQEFGWLQITPQEFLCMKALLLFSIIPVDGLKNQKFFDELRMNYIKELDRIIACKRKNPTSCSRRFYQLTKLLDSVQPIARELHQFTFDLLIKSHMVSVDFPEMMAEIISVQVPKILSGKVKPIYFHTQ
P00004,MGDVEKGKKIFVQKCAQCHTVEKGGKHKTGPNLHGLFGRKTGQAPGFTYTDANKNKGITWKEETLMEYLENPKKYIPGTKMIFAGIKKKTEREDLIAYLKKATNE
P0A877,MERYESLFAQLKERKEGAFVPFVTLGDPGIEQSLKIIDTLIEAGADALELGIPFSDPLADGPTIQNATLRAFAAGVTPAQCFEMLALIRQKHPTIPIGLLMYANLVFNKGIDEFYAQCEKVGVDSVLVADVPVEESAPFRQAALRHNVAPIFICPPNADDDLLRQIASYGRGYTYLLSRAGVTGAENRAALPLNHLVAKLKEYNAAPPLQGFGISAPDQVKAAIDAGAAGAISGSAIVKIIEQHINEPEKMLAALKVFVQPMKAATRS
P00651,MMYSKLLTLTTLLLPTALALPSLVERACDYTCGSNCYSSSDVSTAQAAGYQLHEDGETVGSNSYPHKYNNYEGFDFSVSSPYYEWPILSSGDVYSGGSPGADRVVFNENNQLAGVITHTGASGNNFVECT
P69441,MRIILLGAPGAGKGTQAQFIMEKYGIPQISTGDMLRAAVKSGSELGKQAKDIMDAGKLVTDELVIALVKERIAQEDCRNGFLLDGFPRTIPQADAMKEAGINVDYVLEFDVPDELIVDRIVGRRVHAPSGRVYHVKFNPPKVEGKDDVTGEELTTRKDDQEETVRKRLVEYHQMTAPLIGYYSKEAEAGNTKYAKVDGTKPVAEVRADLEKILG
P00720,MNIFEMLRIDERLRLKIYKDTEGYYTIGIGHLLTKSPSLNAAKSELDKAIGRNCNGVITKDEAEKLFNQDVDAAVRGILRNAKLKPVYDSLDAVRRCALINMVFQMGETGVAGFTNSLRMLQQKRWDEAAVNLAKSIWYNQTPNRAKRVITTFRTGTWDAYKNL
P61626,MKALIVLGLVLLSVTVQGKVFERCELARTLKRLGMDGYRGISLANWMCLAKWESGYNTRATNYNAGDRSTDYGIFQINSRYWCNDGKTPGAVNACHLSCSALLQDNIADAVACAKRVVRDPQGIRAWVAWRNRCQNRDVRQYVQGCGV
P00698,MRSLLILVLCFLPLAALGKVFGRCELAAAMKRHGLDNYRGYSLGNWVCAAKFESNFNTQATNRNTDGSTDYGILQINSRWWCNDGRTPGSRNLCNIPCSALLSSDITASVNCAKKIVSDGNGMNAWVAWRNRCKGTDVQAWIRGCRL
P00929,MERYENLFAQLNDRREGAFVPFVTLGDPGIEQSLKIIDTLIDAGADALELGVPFSDPLADGPTIQNANLRAFAAGVTPAQCFEMLALIREKHPTIPIGLLMYANLVFNNGIDAFYARCEQVGVDSVLVADVPVEESAPFRQAALRHNIAPIFICPPNADDDLLRQVASYGRGYTYLLSRSGVTGAENRGALPLHHLIEKLKEYHAAPALQGFGISSPEQVSAAVRAGAAGAISGSAIVKIIEKNLASPKQMLAELRSFVSAMKAASRA
P19873,SSCPGKSSWPHLVGVGGSVAKAIIERQNPNVKAVILEEGTPVTKDFRCNRVRIWVNKRGLVVSPPRIG
P00974,MKMSRLCLSVALLVLLGTLAASTPGCDTSNQAKAQRPDFCLEPPYTGPCKARIIRYFYNAKAGLCQTFVYGGCRAKRNNFKSAEDCMRTCGGAIGPWENL
P00644,MLVMTEYLLSAGICMAIVSILLIGMAISNVSKGQYAKRFFFFATSCLVLTLVVVSSLSSSANASQTDNGVNRSGSEDPTVYSATSTKKLHKEPATLIKAIDGDTVKLMYKGQPMTFRLLLVDTPETKHPKKGVEKYGPEASAFTKKMVENAKKIEVEFDKGQRTDKYGRGLAYIYADGKMVNEALVRQGLAKVAYVYKPNNTHEQHLRKSEAQAKKEKLNIWSEDNADSGQ
P03036,MQTLSERLKKRRIALKMTQTELATKAGVKQQSIQLIEAGVTKRPRFLFEIAMALNCDPVWLQYGTKRGKAA
P0AA25,MSDKIIHLTDDSFDTDVLKADGAILVDFWAEWCGPCKMIAPILDEIADEYQGKLTVAKLNIDQNPGTAPKYGIRGIPTLLLFKNGEVAATKVGALSKGQLKEFLDANLA
P03069,MSEYQPSLFALNPMGFSPLDGSKSTNENVSASTSTAKPMVGQLIFDKFIKTEEDPIIKQDTPSNLDFDFALPQTATAPDAKTVLPIPELDDAVVESFFSSSTDSTPMFEYENLEDNSKEWTSLFDNDIPVTTDDVSLADKAIESTEEVSLVPSNLEVSTTSFLPTPVLEDAKLTQTRKVKKPNSVVKKSHHVGKDDESRLDHLGVVAYNRKQRSIPLSPIVPESSDPAALKRARNTEAARRSRARKLQRMKQLEDKVEELLSKNYHLENEVARLKKLVGER
Q08012,MEAIAKHDFSATADDELSFRKTQILKILNMEDDSNWYRAELDGKEGLIPSNYIEMKNHDWYYGRITRADAEKLLSNKHEGAFLIRISESSPGDFSLSVKCPDGVQHFKVLRDAQSKFFLWVVKFNSLNELVEYHRTASVSRSQDVKLRDMIPEEMLVQALYDFVPQESGELDFRRGDVITVTDRSDENWWNGEIGNRKGIFPATYVTPYHS
P05230,MAEGEITTFTALTEKFNLPPGNYKKPKLLYCSNGGHFLRILPDGTVDGTRDRSDQHIQLQLSAESVGEVYIKSTETGQYLAMDTDGLLYGSQTPNEECLFLERLEENHYNTYISKKHAEKNWFVGLKKNGSCKRGPRTHYGQKAILFLPLPVSSD
P61495,MKVAVLPGDGIGPEVTEAALKVLRALDEAEGLGLAYEVFPFGGAAIDAFGEPFPEPTRKGVEEAEAVLLGSVGGPKWDGLPRKISPETGLLSLRKSQDLFANLRPAKVFPGLERLSPLKEEIARGVDVLIVRELTGGIYFGEPRGMSEAEAWNTERYSKPEVERVARVAFEAARKRRKHVVSVDKANVLEVGEFWRKTVEEVGRGYPDVALEHQYVDAAAMHLVRSPARFDVVVTGNIFGDILSDLASVLPGSLGLLPSASLGRGTPVFEPVHGSAPDIAGKGIANPTAAILSAAMMLEHAFGLVELARKVEDAVAKALLETPPPDLGGSAGTEAFTATVLRHLA
P33665,MHSQHRTARIALAVVLTAIPASLATAGVGYASTQASTAVKAGAGLDDPHKKEIAMELVSSAENSSLDWKAQYKYIEDIGDGRGYTGGIIGFCSGTGDMLELVQHYTDLEPGNILAKYLPALKKVNGSASHSGLGTPFTKDWATAAKDTVFQQAQNDERDRVYFDPAVSQAKADGLRALGQFAYYDAIVMHGPGNDPTSFGGIRKTAMKKARTPAQGGDETTYLNAFLDARKAAMLTEAAHDDTSRVDTEQRVFLKAGNLDLNPPLKWKTYGDPYVINS
P0A3D9,MSKKIGLFYGTQTGKTESVAEIIRDEFGNDVVTLHDVSQAEVTDLNDYQYLIIGCPTWNIGELQSDWEGLYSELDDVDFNGKLVAYFGTGDQIGYADNFQDAIGILEEKISQRGGKTVGYWSTDGYDFNDSKALRNGKFVGLALDEDNQSDLTDDRIKSWVAQLKSEFGL
P43895,MSQMELIKKLREATGAGMMDVKRALEDAGWDEEKAVQLLRERGAMKAAKKADREAREGIIGHYIHHNQRVGVLVELNCETDFVARNELFQNLAKDLAMHIAMMNPRYVSAEEIPAEELEKERQIYIQAALNEGKPQQIAEKIAEGRLKKYLEEVVLLEQPFVKDDKVKVKELIQQAIAKIGENIVVRRFCRFELGA
P00883,MPHSHPALTPEQKKELSDIAHRIVAPGKGILAADESTGSIAKRLQSIGTENTEENRRFYRQLLLTADDRVNPCIGGVILFHETLYQKADDGRPFPQVIKSKGGVVGIKVDKGVVPLAGTNGETTTQGLDGLSERCAQYKKDGADFAKWRCVLKIGEHTPSALAIMENANVLARYASICQQNGIVPIVEPEILPDGDHDLKRCQYVTEKVLAAVYKALSDHHIYLEGTLLKPNMVTPGHACTQKYSHEEIAMATVTALRRTVPPAVTGVTFLSGGQSEEEASINLNAINKCPLLKPWALTFSYGRALQASALKAWGGKKENLKAAQEEYVKRALANSLACQGKYTPSGQAGAAASESLFISNHAY
P0A7Y4,MLKQVEIFTDGSCLGNPGPGGYGAILRYRGREKTFSAGYTRTTNNRMELMAAIVALEALKEHCEVILSTDSQYVRQGITQWIHNWKKRGWKTADKKPVKNVDLWQRLDAALGQHQIKWEWVKGHAGHPENERCDELARAAAMNPTLEDTGYQVEV
P29957,MKLNKIITTAGLSLGLLLPSIATATPTTFVHLFEWNWQDVAQECEQYLGPKGYAAVQVSPPNEHITGSQWWTRYQPVSYELQSRGGNRAQFIDMVNRCSAAGVDIYVDTLINHMAAGSGTGTAGNSFGNKSFPIYSPQDFHESCTINNSDYGNDRYRVQNCELVGLADLDTASNYVQNTIAAYINDLQAIGVKGFRFDASKHVAASDIQSLMAKVNGSPVVFQEVIDQGGEAVGASEYLSTGLVTEFKYSTELGNTFRNGSLAWLSNFGEGWGFMPSSSAVVFVDNHDNQRGHGGAGNVITFEDGRLYDLANVFMLAYPYGYPKVMSSYDFHGDTDAGGPNVPVHNNGNLECFASNWKCEHRWSYIAGGVDFRNNTADNWAVTNWWDNTNNQISFGRGSSGHMAINKEDSTLTATVQTDMASGQYCNVLKGELSADAKSCSGEVITVNSDGTINLNIGAWDAMAIHKNAKLNTSSASSTESDWQRTVIFINAQTQSGQDMFIRGGIDHAYANANLGRNCQTSNFECAMPIRHNNLKNVTTSPWKANDNYLDWYGIENGQSSEAEGSATDWTTNVWPAGWGAEKTVNTDGFGVTPLNIWGEHYWMLDVDMDCSKAVNGWFELKAFIKNGQGWETAIAQDNAPYTSTNHMAQCGKINKFEFNNSGVVIRSF
P00648,MMKMEGIALKKRLSWISVCLLVLVSAAGMLFSTAAKTETSSHKAHTEAQVINTFDGVADYLQTYHKLPDNYITKSEAQALGWVASKGNLADVAPGKSIGGDIFSNREGKLPGKSGRTWREADINYTSGFRNSDRILYSSDWLIYKTTDHYQTFTKIR
P02753,MKWVWALLLLAALGSGRAERDCRVSSFRVKENFDKARFSGTWYAMAKKDPEGLFLQDNIVAEFSVDETGQMSATAKGRVRLLNNWDVCADMVGTFTDTEDPAKFKMKYWGVASFLQKGNDDHWIVDTDYDTYAVQYSCRLLNLDGTCADSYSFVFSRDPNGLPPEAQKIVRQRQEELCLARQYRLIVHNGYCDGRSERNLL
P0A9X9,MSGKMTGIVKWFNADKGFGFITPDDGSKDVFVHFSAIQNDGYKSLDEGQKVSFTIESGAKGPAAGNVTSL
P41016,MQRGKVKWFNNEKGYGFIEVEGGSDVFVHFTAIQGEGFKTLEEGQEVSFEIVQGNRGPQAANVVKL
P32081,MLEGKVKWFNSEKGFGFIEVEGQDDVFVHFSAIQGEGFKTLEEGQAVSFEIVEGNRGPQAANVTKEA
P62964,MPNFAGTWKMRSSENFDELLKALGVNAMLRKVAVAAASKPHVEIRQDGDQFYIKTSTTVRTTEINFKVGEGFEEETVDGRKCRSLPTWENENKIHCTQTLLEGDGPKTYWTRELANDELILTFGADDVVCTRIYVRE
P06654,MEKEKKVKYFLRKSAFGLASVSAAFLVGSTVFAVDSPIEDTPIIRNGGELTNLLGNSETTLALRNEESATADLTAAAVADTVAAAAAENAGAAAWEAAAAADALAKAKADALKEFNKYGVSDYYKNLINNAKTVEGIKDLQAQVVESAKKARISEATDGLSDFLKSQTPAEDTVKSIELAEAKVLANRELDKYGVSDYHKNLINNAKTVEGVKELIDEILAALPKTDTYKLILNGKTLKGETTTEAVDAATAEKVFKQYANDNGVDGEWTYDDATKTFTVTEKPEVIDASELTPAVTTYKLVINGKTLKGETTTKAVDAETAEKAFKQYANDNGVDGVWTYDDATKTFTVTEMVTEVPGDAPTEPEKPEASIPLVPLTPATPIAKDDAKKDDTKKEDAKKPEAKKDDAKKAETLPTTGEGSNPFFTAAALAVMAGAGALAVASKRKED
P62593,MSIQHFRVALIPFFAAFCLPVFAHPETLVKVKDAEDQLGARVGYIELDLNSGKILESFRPEERFPMMSTFKVLLCGAVLSRVDAGQEQLGRRIHYSQNDLVEYSPVTEKHLTDGMTVRELCSAAITMSDNTAANLLLTTIGGPKELTAFLHNMGDHVTRLDRWEPELNEAIPNDERDTTMPAAMATTLRKLLTGELLTLASRQQLIDWMEADKVAGPLLRSALPAGWFIADKSGAGERGSRGIIAALGPDGKPSRIVVIYTTGSQATMDERNRQIAEIGASLIKHW
P29768,MTVEKSVVFKAEGEHFTDQKGNTIVGSGSGGTTKYFRIPAMCTTSKGTIVVFADARHNTASDQSFIDTAAARSTDGGKTWNKKIAIYNDRVNSKLSRVMDPTCIVANIQGRETILVMVGKWNNNDKTWGAYRDKAPDTDWDLVLYKSTDDGVTFSKVETNIHDIVTKNGTISAMLGGVGSGLQLNDGKLVFPVQMVRTKNITTVLNTSFIYSTDGITWSLPSGYCEGFGSENNIIEFNASLVNNIRNSGLRRSFETKDFGKTWTEFPPMDKKVDNRNHGVQGSTITIPSGNKLVAAHSSAQNKNNDYTRSDISLYAHNLYSGEVKLIDDFYPKVGNASGAGYSCLSYRKNVDKETLYVVYEANGSIEFQDLSRHLPVIKSYN
P00711,MMSFVSLLLVGILFHATQAEQLTKCEVFRELKDLKGYGGVSLPEWVCTTFHTSGYDTQAIVQNNDSTEYGLFQINNKIWCKDDQNPHSSNICNISCDKFLDDDLTDDIMCVKKILDKVGINYWLAHKALCSEKLDQWLCEKL
P01009,MPSSVSWGILLLAGLCCLVPVSLAEDPQGDAAQKTDTSHHDQDHPTFNKITPNLAEFAFSLYRQLAHQSNSTNIFFSPVSIATAFAMLSLGTKADTHDEILEGLNFNLTEIPEAQIHEGFQELLRTLNQPDSQLQLTTGNGLFLSEGLKLVDKFLEDVKKLYHSEAFTVNFGDTEEAKKQINDYVEKGTQGKIVDLVKELDRDTVFALVNYIFFKGKWERPFEVKDTEEEDFHVDQVTTVKVPMMKRLGMFNIQHCKKLSSWVLLMKYLGNATAIFFLPDEGKLQHLENELTHDIITKFLENEDRRSASLHLPKLSITGTYDLKSVLGQLGITKVFSNGADLSGVTEEAPLKLSKAVHKAVLTIDEKGTEAAGAMFLEAIPMSIPPEVKFNKPFVFLMIEQNTKSPLFMGKVVNPTQK
P81708,KIFSKCELARKLKSMGMDGFHGYSLANWVCMAEYESNFNTQAFNGRNSNGSSDYGIFQLNSKWWCKSNSHSSANACNIMCSKFLDDNIDDDIACAKRVVKDPNGMSAWVAWVKHCKGKDLSKYLASCNL
P26514,MGSYALPRSGVRRSIRVLLLALVVGVLGTATALIAPPGAHAAESTLGAAAAQSGRYFGTAIASGRLSDSTYTSIAGREFNMVTAENEMKIDATEPQRGQFNFSSADRVYNWAVQNGKQVRGHTLAWHSQQPGWMQSLSGSALRQAMIDHINGVMAHYKGKIVQWDVVNEAFADGSSGARRDSNLQRSGNDWIEVAFRTARAADPSAKLCYNDYNVENWTWAKTQAMYNMVRDFKQRGVPIDCVGFQSHFNSGSPYNSNFRTTLQNFAALGVDVAITELDIQGAPASTYANVTNDCLAVSRCLGITVWGVRDSDSWRSEQTPLLFNNDGSKKAAYTAVLDALNGGDSSEPPADGGQIKGVGSGRCLDVPDASTSDGTQLQLWDCHSGTNQQWAATDAGELRVYGDKCLDAAGTSNGSKVQIYSCWGGDNQKWRLNSDGSVVGVQSGLCLDAVGNGTANGTLIQLYTCSNGSNQRWTRT
P02640,MVELSKKVTGKLDKTTPGIQIWRIENMEMVPVPTKSYGNFYEGDCYVLLSTRKTGSGFSYNIHYWLGKNSSQDEQGAAAIYTTQMDEYLGSVAVQHREVQGHESETFRAYFKQGLIYKQGGVASGMKHVETNTYNVQRLLHVKGKKNVVAAEVEMSWKSFNLGDVFLLDLGQLIIQWNGPESNRAERLRAMTLAKDIRDRERAGRAKVGVVEGENEAASPELMQALTHVLGEKKNIKAATPDEQVHQALNSALKLYHVSDASGNLVIQEVAIRPLTQDMLQHEDCYILDQAGLKIFVWKGKNANKEEKQQAMSRALGFIKAKNYLASTSVETENDGSESAVFRQLFQKWTVPNQTSGLGKTHTVGKVAKVEQVKFDATTMHVKPEVAAQQKMVDDGSGEAEVWRVENQELVPVEKRWLGHFYGGDCYLVLYTYYVGPKVNRIIYIWQGRHASTDELAASAYQAVFLDQKYNNEPVQVRVTMGKEPAHLMAIFKGKMVVYENGSSRAGGTEPASSTRLFHVHGTNEYNTKAFEVPVRAASLNSNDVFVLKTPSSCYLWYGKGCSGDEREMGKMVADIISKTEKPVVAEGQEPPEFWVALGGKTSYANSKRLQEENPSVPPRLFECSNKTGRFLATEIVDFTQDDLDENDVYLLDTWDQIFFWIGKGANESEKEAAAETAQEYLRSHPGSRDLDTPIIVVKQGFEPPTFTGWFMAWDPLCWSDRKSYDELKAELGDNASIGQLVSGLTSKNEVFTATTTLVPTKLETFPLDVLVNTAAEDLPRGVDPSRKENHLSDEDFKAVFGMTRSAFANLPLWKQQNLKKEKGLF
P03051,MTKQEKTALNMARFIRSQTLTLLEKLNELDADEQADICESLHDHADELYRSCLARFGDDGENL
P03034,MSTKKKPLTQEQLEDARRLKAIYEKKKNELGLSQESVADKMGMGQSGVGALFNGINALNAYNAALLAKILKVSVEEFSPSIAREIYEMYEAVSMQPSLRSEYEYPVFSHVQAGMFSPELRTFTKGDAERWVSTTKKASDSAFWLEVEGNSMTAPTGSKPSFPDGMLILVDPEQAVEPGDFCIARLGGDEFTFKKLIRDSGQVFLQPLNPQYPMIPCNESCSVVGKVIASQWPEETFG
P01053,MSSVEKKPEGVNTGAGDRHNLKTEWPELVGKSVEEAKKVILQDKPEAQIIVLPVGTIVTMEYRIDRVRLFVDKLDNIAQVPRVG
P61823,MALKSLVLLSLLVLVLLLVRVQPSLGKETAAAKFERQHMDSSTSAASSSNYCNQMMKSRNLTKDRCKPVNTFVHESLADVQAVCSQKNVACKNGQTNCYQSYSTMSITDCRETGSSKYPNCAYKTTQANKHIIVACEGNPYVPVHFDASV
P01006,MRNTGAGPSPSVSRPPPSAAPLSGAALAAPGDAPSALYAPSALVLTVGKGVSATTAAPERAVTLTCAPGPSGTHPAAGSACADLAAVGGDLNALTRGEDVMCPMVYDPVLLTVDGVWQGKRVSYERVFSNECEMNAHGSSVFAF
P0AA04,MFQQEVTITAPNGLHTRPAAQFVKEAKGFTSEITVTSNGKSASAKSLFKLQTLGLTQGTVVTISAEGEDEQKAVEHLVKLMAELE
P05798,DVSGTVCLSALPPEATDTLNLIASDGPFPYSQDGVVFQNRESVLPTQSYGYYHEYTVITPGARTRGTRRIITGEATQEDYYTGDHYATFSLIDQTC
P02625,MSMTDLLSAEDIKKAIGAFTAADSFDHKKFFQMVGLKKKSADDVKKVFHILDKDKSGFIEEDELGSILKGFSSDARDLSAKETKTLMAAGDKDGDGKIGVEEFSTLVAES
P03706,MVEINNQRKAFLDMLAWSEGTDNGRQKTRNHGYDVIVGGELFTDYSDHPRKLVTLNPKLKSTGAGRYQLLSRWWDAYRKQLGLKDFSPKSQDAVALQQIKERGALPMIDRGDIRQAIDRCSNIWASLPGAGYGQFEHKADSLIAKFKEAGGTVREIDV
P00362,MAVKVGINGFGRIGRNVFRAALKNPDIEVVAVNDLTDANTLAHLLKYDSVHGRLDAEVSVNGNNLVVNGKEIIVKAERDPENLAWGEIGVDIVVESTGRFTKREDAAKHLEAGAKKVIISAPAKNEDITIVMGVNQDKYDPKAHHVISNASCTTNCLAPFAKVLHEQFGIVRGMMTTVHSYTNDQRILDLPHKDLRRARAAAESIIPTTTGAAKAVALVLPELKGKLNGMAMRVPTPNVSVVDLVAELEKEVTVEEVNAALKAAAEGELKGILAYSEEPLVSRDYNGSTVSSTIDALSTMVIDGKMVKVVSWYDNETGYSHRVVDLAAYIASKGL
P00044,MTEFKAGSAKKGATLFKTRCLQCHTVEKGGPHKVGPNLHGIFGRHSGQAEGYSYTDANIKKNVLWDENNMSEYLTNPKKYIPGTKMAFGGLKKEKDRNDLITYLKKACE
P04789,MSKPQPIAAANWKCNGSQQSLSELIDLFNSTSINHDVQCVVASTFVHLAMTKERLSHPKFVIAAQNAIAKSGAFTGEVSLPILKDFGVNWIVLGHSERRAYYGETNEIVADKVAAAVASGFMVIACIGETLQERESGRTAVVVLTQIAAIAKKLKKADWAKVVIAYEPVWAIGTGKVATPQQAQEAHALIRSWVSSKIGADVAGELRILYGGSVNGKNARTLYQQRDVNGFLVGGASLKPEFVDIIKATQ
P11540,MKKAVINGEQIRSISDLHQTLKKELALPEYYGENLDALWDCLTGWVEYPLVLEWRQFEQSKQLTENGAESVLQVFREAKAEGCDITIILS
P22307,MSSSPWEPATLRRVFVVGVGMTKFVKPGAENSRDYPDLAEEAGKKALADAQIPYSAVDQACVGYVFGDSTCGQRAIYHSLGMTGIPIINVNNNCATGSTALFMARQLIQGGVAECVLALGFEKMSKGSLGIKFSDRTIPTDKHVDLLINKYGLSAHPVAPQMFGYAGKEHMEKYGTKIEHFAKIGWKNHKHSVNNPYSQFQDEYSLDEVMASKEVFDFLTILQCCPTSDGAAAAILASEAFVQKYGLQSKAVEILAQEMMTDLPSSFEEKSIIKMVGFDMSKEAARKCYEKSGLTPNDIDVIELHDCFSTNELLTYEALGLCPEGQGATLVDRGDNTYGGKWVINPSGGLISKGHPLGATGLAQCAELCWQLRGEAGKRQVPGAKVALQHNLGIGGAVVVTLYKMGFPEAASSFRTHQIEAVPTSSASDGFKANLVFKEIEKKLEEEGEQFVKKIGGIFAFKVKDGPGGKEATWVVDVKNGKGSVLPNSDKKADCTITMADSDFLALMTGKMNPQSAFFQGKLKITGNMGLAMKLQNLQLQPGNAKL
P00099,MKPYALLSLLATGTLLAQGAWAEDPEVLFKNKGCVACHAIDTKMVGPAYKDVAAKFAGQAGAEAELAQRIKNGSQGVWGPIPMPPNAVSDDEAQTLAKWVLSQK
P62152,MADQLTEEQIAEFKEAFSLFDKDGDGTITTKELGTVMRSLGQNPTEAELQDMINEVDADGNGTIDFPEFLTMMARKMKDTDSEEEIREAFRVFDKDGNGFISAAELRHVMTNLGEKLTDEEVDEMIREADIDGDGQVNYEEFVTMMTSK
O93627,MVEKFDTIYDYYVDKGYEPSKKRDIIAVFRVTPAEGYTIEQAAGAVAAESSTGTWTTLYPWYEQERWADLSAKAYDFHDMGDGSWIVRIAYPFHAFEEANLPGLLASIAGNIFGMKRVKGLRLEDLYFPEKLIREFDGPAFGIEGVRKMLEIKDRPIYGVVPKPKVGYSPEEFEKLAYDLLSNGADYMKDDENLTSPWYNRFEERAEIMAKIIDKVENETGEKKTWFANITADLLEMEQRLEVLADLGLKHAMVDVVITGWGALRYIRDLAADYGLAIHGHRAMHAAFTRNPYHGISMFVLAKLYRLIGIDQLHVGTAGAGKLEGGKWDVIQNARILRESHYKPDENDVFHLEQKFYSIKAAFPTSSGGLHPGNIQPVIEALGTDIVLQLGGGTLGHPDGPAAGARAVRQAIDAIMQGIPLDEYAKTHKELARALEKWGHVTPV
P08877,MAQKTFKVTADSGIHARPATVLVQTASKYDADVNLEYNGKTVNLKSIMGVMSLGIAKGAEITISASGADENDALNALEETMKSEGLGE
P02647,MKAAVLTLAVLFLTGSQARHFWQQDEPPQSPWDRVKDLATVYVDVLKDSGRDYVSQFEGSALGKQLNLKLLDNWDSVTSTFSKLREQLGPVTQEFWDNLEKETEGLRQEMSKDLEEVKAKVQPYLDDFQKKWQEEMELYRQKVEPLRAELQEGARQKLHELQEKLSPLGEEMRDRARAHVDALRTHLAPYSDELRQRLAARLEALKENGGARLAEYHAKATEHLSTLSEKAKPALEDLRQGLLPVLESFKVSFLSALEEYTKKLNTQ
P00257,MAARLLRVASAALGDTAGRWRLLARPRAGAGGLRGSRGPGLGGGAVATRTLSVSGRAQSSSEDKITVHFINRDGETLTTKGKIGDSLLDVVVQNNLDIDGFGACEGTLACSTCHLIFEQHIFEKLEAITDEENDMLDLAYGLTDRSRLGCQICLTKAMDNMTVRVPDAVSDARESIDMGMNSSKIE
P00171,MAEESSKAVKYYTLEEIQKHNNSKSTWLILHYKVYDLTKFLEEHPGGEEVLREQAGGDATENFEDVGHSTDARELSKTFIIGELHPDDRSKITKPSESIITTIDSNPSWWTNWLIPAISALFVALIYHLYTSEN
P39940,MPSSISVKLVAAESLYKRDVFRSPDPFAVLTIDGYQTKSTSAAKKTLNPYWNETFKFDDINENSILTIQVFDQKKFKKKDQGFLGVVNVRVGDVLGHLDEDTATSSGRPREETITRDLKKSNDGMAVSGRLIVVLSKLPSSSPHSQAPSGHTASSSTNTSSTTRTNGHSTSSTRNHSTSHPSRGTAQAVESTLQSGTTAATNTATTSHRSTNSTSSATRQYSSFEDQYGRLPPGWERRTDNFGRTYYVDHNTRTTTWKRPTLDQTEAERGNQLNANTELERRQHRGRTLPGGSSDNSSVTVQVGGGSNIPPVNGAAAAAFAATGGTTSGLGELPSGWEQRFTPEGRAYFVDHNTRTTTWVDPRRQQYIRTYGPTNTTIQQQPVSQLGPLPSGWEMRLTNTARVYFVDHNTKTTTWDDPRLPSSLDQNVPQYKRDFRRKVIYFRSQPALRILPGQCHIKVRRKNIFEDAYQEIMRQTPEDLKKRLMIKFDGEEGLDYGGVSREFFFLLSHEMFNPFYCLFEYSAYDNYTIQINPNSGINPEHLNYFKFIGRVVGLGVFHRRFLDAFFVGALYKMMLRKKVVLQDMEGVDAEVYNSLNWMLENSIDGVLDLTFSADDERFGEVVTVDLKPDGRNIEVTDGNKKEYVELYTQWRIVDRVQEQFKAFMDGFNELIPEDLVTVFDERELELLIGGIAEIDIEDWKKHTDYRGYQESDEVIQWFWKCVSEWDNEQRARLLQFTTGTSRIPVNGFKDLQGSDGPRRFTIEKAGEVQQLPKSHTCFNRVDLPQYVDYDSMKQKLTLAVEETIGFGQE
P81180,LGKFSQTCYNSAIQGSVLTSTCERTNGGYNTSSIDLNSVIENVDGSLKWQPSNFIETCRNTQLAGSSELAAECKTRAQQFVSTKINLDDHIANIDGTLKYE
P42771,MEPAAGSSMEPSADWLATAAARGRVEEVRALLEAGALPNAPNSYGRRPIQVMMMGSARVAELLLLHGAEPNCADPATLTRPVHDAAREGFLDTLVVLHRAGARLDVRDAWGRLPVDLAEELGHRDVARYLRAAAGGTRGSNHARIDAAEGPSDIPD
P02417,MKVIFLKDVKGKGKKGEIKNVADGYANNFLFKQGLAIEATPANLKALEAQKQKEQRQAAEELANAKKLKEQLEKLTVTIPAKAGEGGRLFGSITSKQIAESLQAQHGLKLDKRKIELADAIRALGYTNVPVKLHPEVTATLKVHVTEQK
P24092,MRNGRTLLRWAGVLAATAIIGVGGFWSQGTTKALPEGPGEKRADLIEIGAMERFGKLDLPKVAFRHDQHTTAVTGMGKDCAACHKSKDGKMSLKFMRLDDNSAAELKEIYHANCIGCHTDLAKAGKKTGPQDGECRSCHNPKPSAASSWKEIGFDKSLHYRHVASKAIKPVGDPQKNCGACHHVYDEASKKLVWGKNKEDSCRACHGEKPVDKRPALDTAAHTACISCHMDVAKTKAETGPVNCAGCHAPEAQAKFKVVREVPRLDRGQPDAALILPVPGKDAPREMKGTMKPVAFDHKAHEAKANDCRTCHHVRIDTCTACHTVNGTADSKFVQLEKAMHQPDSMRSCVGCHNTRVQQPTCAGCHGFIKPTKSDAQCGVCHVAAPGFDAKQVEAGALLNLKAEQRSQVAASMLSARPQPKGTFDLNDIPEKVVIGSIAKEYQPSEFPHRKIVKTLIAGIGEDKLAATFHIEKGTLCQGCHHNSPASLTPPKCASCHGKPFDADRGDRPGLKAAYHQQCMGCHDRMKIEKPANTACVDCHKERAK
P41365,MKLLSLTGVAGVLATCVAATPLVKRLPSGSDPAFSQPKSVLDAGLTCQGASPSSVSKPILLVPGTGTTGPQSFDSNWIPLSTQLGYTPCWISPPPFMLNDTQVNTEYMVNAITALYAGSGNNKLPVLTWSQGGLVAQWGLTFFPSIRSKVDRLMAFAPDYKGTVLAGPLDALAVSAPSVWQQTTGSALTTALRNAGGLTQIVPTTNLYSATDEIVQPQVSNSPLDSSYLFNGKNVQAQAVCGPLFVIDHAGSLTSQFSYVVGRSALRSTTGQARSADYGITDCNPLPANDLTPEQKVAAAALLAPAAAAIVAGPKQNCEPDLMPYARPFAVGKRTCSGIVTP
P01008,MYSNVIGTVTSGKRKVYLLSLLLIGFWDCVTCHGSPVDICTAKPRDIPMNPMCIYRSPEKKATEDEGSEQKIPEATNRRVWELSKANSRFATTFYQHLADSKNDNDNIFLSPLSISTAFAMTKLGACNDTLQQLMEVFKFDTISEKTSDQIHFFFAKLNCRLYRKANKSSKLVSANRLFGDKSLTFNETYQDISELVYGAKLQPLDFKENAEQSRAAINKWVSNKTEGRITDVIPSEAINELTVLVLVNTIYFKGLWKSKFSPENTRKELFYKADGESCSASMMYQEGKFRYRRVAEGTQVLELPFKGDDITMVLILPKPEKSLAKVEKELTPEVLQEWLDELEEMMLVVHMPRFRIEDGFSLKEQLQDMGLVDLFSPEKSKLPGIVAEGRDDLYVSDAFHKAFLEVNEEGSEAAASTAVVIAGRSLNPNRVTFKANRPFLVFIREVPLNTIIFMGRVANPCVK
P80040,MRKKISIIGAGFVGSTTAHWLAAKELGDIVLLDFVEGVPQGKALDLYEASPIEGFDVRVTGTNNYADTANSDVIVVTSGAPRKPGMSREDLIKVNADITRACISQAAPLSPNAVIIMVNNPLDAMTYLAAEVSGFPKERVIGQAGVLDAARYRTFIAMEAGVSVEDVQAMLMGGHGDEMVPLPRFSTISGIPVSEFIAPDRLAQIVERTRKGGGEIVNLLKTGSAYYAPAAATAQMVEAVLKDKKRVMPVAAYLTGQYGLNDIYFGVPVILGAGGVEKILELPLNEEEMALLNASAKAVRATLDTLKSL
P00942,MARTFFVGGNFKLNGSKQSIKEIVERLNTASIPENVEVVICPPATYLDYSVSLVKKPQVTVGAQNAYLKASGAFTGENSVDQIKDVGAKWVILGHSERRSYFHEDDKFIADKTKFALGQGVGVILCIGETLEEKKAGKTLDVVERQLNAVLEEVKDWTNVVVAYEPVWAIGTGLAATPEDAQDIHASIRKFLASKLGDKAASELRILYGGSANGSNAVTFKDKADVDGFLVGGASLKPEFVDIINSRN
P13123,MVKVKFKYKGEEKEVDTSKIKKVWRVGKMVSFTYDDNGKTGRGAVSEKDAPKELLDMLARAEREKK
P39476,MATVKFKYKGEEKEVDISKIKKVWRVGKMISFTYDEGGGKTGRGAVSEKDAPKELLQMLEKQKK
P06241,MGCVQCKDKEATKLTEERDGSLNQSSGYRYGTDPTPQHYPSFGVTSIPNYNNFHAAGGQGLTVFGGVNSSSHTGTLRTRGGTGVTLFVALYDYEARTEDDLSFHKGEKFQILNSSEGDWWEARSLTTGETGYIPSNYVAPVDSIQAEEWYFGKLGRKDAERQLLSFGNPRGTFLIRESETTKGAYSLSIRDWDDMKGDHVKHYKIRKLDNGGYYITTRAQFETLQQLVQHYSERAAGLCCRLVVPCHKGMPRLTDLSVKTKDVWEIPRESLQLIKRLGNGQFGEVWMGTWNGNTKVAIKTLKPGTMSPESFLEEAQIMKKLKHDKLVQLYAVVSEEPIYIVTEYMNKGSLLDFLKDGEGRALKLPNLVDMAAQVAAGMAYIERMNYIHRDLRSANILVGNGLICKIADFGLARLIEDNEYTARQGAKFPIKWTAPEAALYGRFTIKSDVWSFGILLTELVTKGRVPYPGMNNREVLEQVERGYRMPCPQDCPISLHELMIHCWKKDPEERPTFEYLQSFLEDYFTATEPQYQPGENL
P0AEX9,MKIKTGARILALSALTTMMFSASALAKIEEGKLVIWINGDKGYNGLAEVGKKFEKDTGIKVTVEHPDKLEEKFPQVAATGDGPDIIFWAHDRFGGYAQSGLLAEITPDKAFQDKLYPFTWDAVRYNGKLIAYPIAVEALSLIYNKDLLPNPPKTWEEIPALDKELKAKGKSALMFNLQEPYFTWPLIAADGGYAFKYENGKYDIKDVGVDNAGAKAGLTFLVDLIKNKHMNADTDYSIAEAAFNKGETAMTINGPWAWSNIDTSKVNYGVTVLPTFKGQPSKPFVGVLSAGINAASPNKELAKEFLENYLLTDEGLEAVNKDKPLGAVALKSYEEELAKDPRIAATMENAQKGEIMPNIPQMSAFWYAVRTAVINAASGRQTVDEALKDAQTRITK
O60880,MDAVAVYHGKISRETGEKLLLATGLDGSYLLRDSESVPGVYCLCVLYHGYIYTYRVSQTETGSWSAETAPGVHKRYFRKIKNLISAFQKPDQGIVIPLQYPVEKKSSARSTQGTTGIREDPDVCLKAP
P63159,MGKGDPKKPRGKMSSYAFFVQTCREEHKKKHPDASVNFSEFSKKCSERWKTMSAKEKGKFEDMAKADKARYEREMKTYIPPKGETKKKFKDPNAPKRPPSAFFLFCSEYRPKIKGEHPGLSIGDVAKKLGEMWNNTAADDKQPYEKKAAKLKEKYEKDIAAYRAKGKPDAAKKGVVKAEKSKKKKEEEDDEEDEEDEEEEEEEEDEDEEEDDDDE
P96110,MPEKSLYEMAVEQFNRAASLMDLESDLAEVLRRPKRVLIVEFPVRMDDGHVEVFTGYRVQHNVARGPAKGGIRYHPDVTLDEVKALAFWMTWKTAVMNLPFGGGKGGVRVDPKKLSRNELERLSRRFFSEIQVIIGPYNDIPAPDVNTNADVMAWYMDTYSMNVGHTVLGIVTGKPVELGGSKGREEATGRGVKVCAGLAMDVLGIDPKKATVAVQGFGNVGQFAALLISQELGSKVVAVSDSRGGIYNPEGFDVEELIRYKKEHGTVVTYPKGERITNEELLELDVDILVPAALEGAIHAGNAERIKAKAVVEGANGPTTPEADEILSRRGILVVPDILANAGGVTVSYFEWVQDLQSFFWDLDQVRNALEKMMKGAFNDVMKVKEKYNVDMRTAAYILAIDRVAYATKKRGIYP
P23907,MVKSHIGSWILVLFVAMWSDVGLCKKRPKPGGGWNTGGSRYPGQGSPGGNRYPPQGGGGWGQPHGGGWGQPHGGGWGQPHGGGWGQPHGGGGWGQGGSHSQWNKPSKPKTNMKHVAGAAAAGAVVGGLGGYMLGSAMSRPLIHFGNDYEDRYYRENMYRYPNQVYYRPVDRYSNQNNFVHDCVNITVKQHTVTTTTKGENFTETDIKIMERVVEQMCITQYQRESQAYYQRGASVILFSSPPVILLISFLIFLIVG
P09372,MSSKEQKTPEGQAPEEIIMDQHEEIEAVEPEASAEQVDPRDEKVANLEAQLAEAQTRERDGILRVKAEMENLRRRTELDIEKAHKFALEKFINELLPVIDSLDRALEVADKANPDMSAMVEGIELTLKSMLDVVRKFGVEVIAETNVPLDPNVHQAIAMVESDDVAPGNVLGIMQKGYTLNGRTIRAAMVTVAKAKA
P04179,MLSRAVCGTSRQLAPVLGYLGSRQKHSLPDLPYDYGALEPHINAQIMQLHHSKHHAAYVNNLNVTEEKYQEALAKGDVTAQIALQPALKFNGGGHINHSIFWTNLSPNGGGEPKGELLEAIKRDFGSFDKFKEKLTAASVGVQGSGWGWLGFNKERGHLQIAACPNQDPLQGTTGLIPLLGIDVWEHAYYLQYKNVRPDYLKAIWNVINWENVTERYMACKK
P0A3E0,MSKKIGLFYGTQTGKTESVAEIIRDEFGNDVVTLHDVSQAEVTDLNDYQYLIIGCPTWNIGELQSDWEGLYSELDDVDFNGKLVAYFGTGDQIGYADNFQDAIGILEEKISQRGGKTVGYWSTDGYDFNDSKALRNGKFVGLALDEDNQSDLTDDRIKSWVAQLKSEFGL
P11961,MAFEFKLPDIGEGIHEGEIVKWFVKPGDEVNEDDVLCEVQNDKAVVEIPSPVKGKVLEILVPEGTVATVGQTLITLDAPGYENMTFKGQEQEEAKKEEKTETVSKEEKVDAVAPNAPAAEAEAGPNRRVIAMPSVRKYAREKGVDIRLVQGTGKNGRVLKEDIDAFLAGGAKPAPAAAEEKAAPAAAKPATTEGEFPETREKMSGIRRAIAKAMVHSKHTAPHVTLMDEADVTKLVAHRKKFKAIAAEKGIKLTFLPYVVKALVSALREYPVLNTSIDDETEEIIQKHYYNIGIAADTDRGLLVPVIKHADRKPIFALAQEINELAEKARDGKLTPGEMKGASCTITNIGSAGGQWFTPVINHPEVAILGIGRIAEKPIVRDGEIVAAPMLALSLSFDHRMIDGATAQKALNHIKRLLSDPELLLMEA
P00282,MLRKLAAVSLLSLLSAPLLAAECSVDIQGNDQMQFNTNAITVDKSCKQFTVNLSHPGNLPKNVMGHNWVLSTAADMQGVVTDGMASGLDKDYLKPDDSRVIAHTKLIGSGEKDSVTFDVSKLKEGEQYMFFCTFPGHSALMKGTLTLK
P29160,MVDFAFELRKAQDTGKIVMGARKSIQYAKMGGAKLIIVARNARPDIKEDIEYYARLSGIPVYEFEGTSVELGTLLGRPHTVSALAVVDPGESRILALGGKE
P13487,MKILSVLLLALIICSIVGWSEAQFTNVSCTTSKECWSVCQRLHNTSRGKCMNKKCRCYS
P0AG67,MTESFAQLFEESLKEIETRPGSIVRGVVVAIDKDVVLVDAGLKSESAIPAEQFKNAQGELEIQVGDEVDVALDAVEDGFGETLLSREKAKRHEAWITLEKAYEDAETVTGVINGKVKGGFTVELNGIRAFLPGSLVDVRPVRDTLHLEGKELEFKVIKLDQKRNNVVVSRRAVIESENSAERDQLLENLQEGMEVKGIVKNLTDYGAFVDLGGVDGLLHITDMAWKRVKHPSEIVNVGDEITVKVLKFDRERTRVSLGLKQLGEDPWVAIAKRYPEGTKLTGRVTNLTDYGCFVEIEEGVEGLVHVSEMDWTNKNIHPSKVVNVGDVVEVMVLDIDEERRRISLGLKQCKANPWQQFAETHNKGDRVEGKIKSITDFGIFIGLDGGIDGLVHLSDISWNVAGEEAVREYKKGDEIAAVVLQVDAERERISLGVKQLAEDPFNNWVALNKKGAIVTGKVTAVDAKGATVELADGVEGYLRASEASRDRVEDATLVLSVGDEVEAKFTGVDRKNRAISLSVRAKDEADEKDAIATVNKQEDANFSNNAMAEAFKAAKGE
P37487,MEKILIFGHQNPDTDTICSAIAYADLKNKLGFNAEPVRLGQVNGETQYALDYFKQESPRLVETAANEVNGVILVDHNERQQSIKDIEEVQVLEVIDHHRIANFETAEPLYYRAEPVGCTATILNKMYKENNVKIEKEIAGLMLSAIISDSLLFKSPTCTDQDVAAAKELAEIAGVDAEEYGLNMLKAGADLSKKTVEELISLDAKEFTLGSKKVEIAQVNTVDIEDVKKRQAELEAVISKVVAEKNLDLFLLVITDILENDSLALAIGNEAAKVEKAFNVTLENNTALLKGVVSRKKQVVPVLTDAMAE
Q03026,MSASAKLSRMVCLLCGFFSTGISMASSLILLSASDLAGQWTLQQDEAPAICHLELRDSEVAEASGYDLGGDTACLTRWLPSEPRAWRPTPAGIALLERGGLTLMLLGRQGEGDYRVQKGDGGQLVLRRATP
P42013,MAEKTFKVVSDSGIHARPATILVQTASKFNSEIQLEYNGKTVNLKSIMGVMSLGIPKGATIKITAEGADAAEAMAALTDTLAKEGLAE
P0A6R3,MFEQRVNSDVLTVSTVNSQDQVTQKPLRDSVKQALKNYFAQLNGQDVNDLYELVLAEVEQPLLDMVMQYTRGNQTRAALMMGINRGTLRKKLKKYGMN
P10762,MNTLLAVLMLAVAAQARPDAAGHVNIAEAVQQLNHTIVNAAHELHETLGLPTPDEALNLLTEQANAFKTKIAEVTTSLKQEAEKHQGSVAEQLNRFARNLNNSIHDAATSAQPADQLNSLQSALTNVGHQWQTSQPRPSVAQEAWAPVQSALQEAAEKTKEAAANLQNSIQSAVQKPAN
P00712,MMSFVSLLLVGILFHATQAEQLTKCEVFQKLKDLKDYGGVSLPEWVCTAFHTSGYDTQAIVQNNDSTEYGLFQINNKIWCKDDQNPHSRNICNISCDKFLDDDLTDDIVCAKKILDKVGINYWLAHKALCSEKLDQWLCEKL
P01308,MALWMRLLPLLALLALWGPDPAAAFVNQHLCGSHLVEALYLVCGERGFFYTPKTRREAEDLQVGQVELGGGPGAGSLQPLALEGSLQKRGIVEQCCTSICSLYQLENYCN
P17350,APRLPQCQGDDQEKCLCNKDECPPGQCRFPRGDADPYCE
P02730,MEELQDDYEDMMEENLEQEEYEDPDIPESQMEEPAAHDTEATATDYHTTSHPGTHKVYVELQELVMDEKNQELRWMEAARWVQLEENLGENGAWGRPHLSHLTFWSLLELRRVFTKGTVLLDLQETSLAGVANQLLDRFIFEDQIRPQDREELLRALLLKHSHAGELEALGGVKPAVLTRSGDPSQPLLPQHSSLETQLFCEQGDGGTEGHSPSGILEKIPPDSEATLVLVGRADFLEQPVLGFVRLQEAAELEAVELPVPIRFLFVLLGPEAPHIDYTQLGRAAATLMSERVFRIDAYMAQSRGELLHSLEGFLDCSLVLPPTDAPSEQALLSLVPVQRELLRRRYQSSPAKPDSSFYKGLDLNGGPDDPLQQTGQLFGGLVRDIRRRYPYYLSDITDAFSPQVLAAVIFIYFAALSPAITFGGLLGEKTRNQMGVSELLISTAVQGILFALLGAQPLLVVGFSGPLLVFEEAFFSFCETNGLEYIVGRVWIGFWLILLVVLVVAFEGSFLVRFISRYTQEIFSFLISLIFIYETFSKLIKIFQDHPLQKTYNYNVLMVPKPQGPLPNTALLSLVLMAGTFFFAMMLRKFKNSSYFPGKLRRVIGDFGVPISILIMVLVDFFIQDTYTQKLSVPDGFKVSNSSARGWVIHPLGLRSEFPIWMMFASALPALLVFILIFLESQITTLIVSKPERKMVKGSGFHLDLLLVVGMGGVAALFGMPWLSATTVRSVTHANALTVMGKASTPGAAAQIQEVKEQRISGLLVAVLVGLSILMEPILSRIPLAVLFGIFLYMGVTSLSGIQLFDRILLLFKPPKYHPDVPYVKRVKTWRMHLFTGIQIICLAVLWVVKSTPASLALPFVLILTVPLRRVLLPLIFRNVELQCLDADDAKATFDEEEGRDEYDEVAMPV
P04637,MEEPQSDPSVEPPLSQETFSDLWKLLPENNVLSPLPSQAMDDLMLSPDDIEQWFTEDPGPDEAPRMPEAAPPVAPAPAAPTPAAPAPAPSWPLSSSVPSQKTYQGSYGFRLGFLHSGTAKSVTCTYSPALNKMFCQLAKTCPVQLWVDSTPPPGTRVRAMAIYKQSQHMTEVVRRCPHHERCSDSDGLAPPQHLIRVEGNLRVEYLDDRNTFRHSVVVPYEPPEVGSDCTTIHYNYMCNSSCMGGMNRRPILTIITLEDSSGNLLGRNSFEVRVCACPGRDRRTEEENLRKKGEPHHELPPGSTKRALPNNTSSSPQPKKKPLDGEYFTLQIRGRERFEMFRELNEALELKDAQAGKEPGGSRAHSSHLKSKKGQSTSRHKKLMFKTEGPDSD
P22069,QDWLTFQKKHITNTRDVDCDNIMSTNLFHCKDKNTFIYSRPEPVKAICKGIIASKNVLTTSEFYLSDCNVTSRPCKYKLKKSTNKFCVTCENQAPVHFVGVGSC
P15452,MKKFLLVAVVGLAGITFANEQLAKQKGCMACHDLKAKKVGPAYADVAKKYAGRKDAVDYLAGKIKKGGSGVWGSVPMPPQNVTDAEAKQLAQWILSIK
P00183,MTTETIQSNANLAPLPPHVPEHLVFDFDMYNPSNLSAGVQEAWAVLQESNVPDLVWTRCNGGHWIATRGQLIREAYEDYRHFSSECPFIPREAGEAYDFIPTSMDPPEQRQFRALANQVVGMPVVDKLENRIQELACSLIESLRPQGQCNFTEDYAEPFPIRIFMLLAGLPEEDIPHLKYLTDQMTRPDGSMTFAEAKEALYDYLIPIIEQRRQKPGTDAISIVANGQVNGRPITSDEAKRMCGLLLVGGLDTVVNFLSFSMEFLAKSPEHRQELIERPERIPAACEELLRRFSLVADGRILTSDYEFHGVQLKKGDQILLPQMLSGLDERENACPMHVDFSRQKVSHTTFGHGSHLCLGQHLARREIIVTLKEWLTRIPDFSIAPGAQIQHKSGIVSGVQALPLVWDPATTKAV
O74035,MKIAGIDEAGRGPVIGPMVIAAVVVDENSLPKLEELKVRDSKKLTPKRREKLFNEILGVLDDYVILELPPDVIGSREGTLNEFEVENFAKALNSLKVKPDVIYADAADVDEERFARELGERLNFEAEVVAKHKADDIFPVVSAASILAKVTRDRAVEKLKEEYGEIGSGYPSDPRTRAFLENYYREHGEFPPIVRKGWKTLKKIAEKVESEKKAEERQATLDRYFRKV
P00268,MKKYTCTVCGYIYNPEDGDPDNGVNPGTDFKDIPDDWVCPLCGVGKDQFEEVEE
P24297,MAKWVCKICGYIYDEDAGDPDNGISPGTKFEELPDDWVCPICGAPKSEFEKLED
P02925,MNMKKLATLVSAVALSATVSANAMAKDTIALVVSTLNNPFFVSLKDGAQKEADKLGYNLVVLDSQNNPAKELANVQDLTVRGTKILLINPTDSDAVGNAVKMANQANIPVITLDRQATKGEVVSHIASDNVLGGKIAGDYIAKKAGEGAKVIELQGIAGTSAARERGEGFQQAVAAHKFNVLASQPADFDRIKGLNVMQNLLTAHPDVQAVFAQNDEMALGALRALQTAGKSDVMVVGFDGTPDGEKAVNDGKLAATIAQLPDQIGAKGVETADKVLKGEKVQAKYPVDLKLVVKQ
P00918,MSHHWGYGKHNGPEHWHKDFPIAKGERQSPVDIDTHTAKYDPSLKPLSVSYDQATSLRILNNGHAFNVEFDDSQDKAVLKGGPLDGTYRLIQFHFHWGSLDGQGSEHTVDKKKYAAELHLVHWNTKYGDFGKAVQQPDGLAVLGIFLKVGSAKPGLQKVVDVLDSIKTKGKSADFTNFDPRGLLPESLDYWTYPGSLTTPPLLECVTWIVLKEPISVSSEQVLKFRKLNFNGEGEPEELMVDNWRPAQPLKNRQIKASFK
P50455,MGFTVALIQGDGIGPEIVSKSKRILAKINELYSLPIEYIEVEAGDRALARYGEALPKDSLKIIDKADIILKGPVGESAADVVVKLRQIYDMYANIRPAKSIPGIDTKYGNVDILIVRENTEDLYKGFEHIVSDGVAVGMKIITRFASERIAKVGLNFALRRRKKVTCVHKANVMRITDGLFAEACRSVLKGKVEYSEMYVDAAAANLVRNPQMFDVIVTENVYGDILSDEASQIAGSLGIAPSANIGDKKALFEPVHGAAFDIAGKNIGNPTAFLLSVSMMYERMYELSNDDRYIKASRALENAIYLVYKERKALTPDVGGNATTDDLINEIYNKLG
P0AFG6,MSSVDILVPDLPESVADATVATWHKKPGDAVVRDEVLVEIETDKVVLEVPASADGILDAVLEDEGTTVTSRQILGRLREGNSAGKETSAKSEEKASTPAQRQQASLEEQNNDALSPAIRRLLAEHNLDASAIKGTGVGGRLTREDVEKHLAKAPAKESAPAAAAPAAQPALAARSEKRVPMTRLRKRVAERLLEAKNSTAMLTTFNEVNMKPIMDLRKQYGEAFEKRHGIRLGFMSFYVKAVVEALKRYPEVNASIDGDDVVYHNYFDVSMAVSTPRGLVTPVLRDVDTLGMADIEKKIKELAVKGRDGKLTVEDLTGGNFTITNGGVFGSLMSTPIINPPQSAILGMHAIKDRPMAVNGQVEILPMMYLALSYDHRLIDGRESVGFLVTIKELLEDPTRLLLDV
Q13526,MADEEKLPPGWEKRMSRSSGRVYYFNHITNASQWERPSGNSSSGGKNGQGEPARVRCSHLLVKHSQSRRPSSWRQEKITRTKEEALELINGYIQKIKSGEEDFESLASQFSDCSSAKARGDLGAFSRGQMQKPFEDASFALRTGEMSGPVFTDSGIHIILRTE
P03050,MKGMSKMPQFNLRWPREVLDLVRKVAEENGRSVNSEIYQRVMESFKKEGRIGA
P00782,MRGKKVWISLLFALALIFTMAFGSTSSAQAAGKSNGEKKYIVGFKQTMSTMSAAKKKDVISEKGGKVQKQFKYVDAASATLNEKAVKELKKDPSVAYVEEDHVAHAYAQSVPYGVSQIKAPALHSQGYTGSNVKVAVIDSGIDSSHPDLKVAGGASMVPSETNPFQDNNSHGTHVAGTVAALNNSIGVLGVAPSASLYAVKVLGADGSGQYSWIINGIEWAIANNMDVINMSLGGPSGSAALKAAVDKAVASGVVVVAAAGNEGTSGSSSTVGYPGKYPSVIAVGAVDSSNQRASFSSVGPELDVMAPGVSIQSTLPGNKYGAYNGTSMASPHVAGAAALILSKHPNWTNTQVRSSLENTTTKLGDSFYYGKGLINVQAAAQ
P00563,MPFGNTHNKYKLNYKSEEEYPDLSKHNNHMAKVLTPDLYKKLRDKETPSGFTLDDVIQTGVDNPGHPFIMTVGCVAGDEESYTVFKDLFDPIIQDRHGGFKPTDKHKTDLNHENLKGGDDLDPHYVLSSRVRTGRSIKGYTLPPHCSRGERRAVEKLSVEALNSLTGEFKGKYYPLKSMTEQEQQQLIDDHFLFDKPVSPLLLASGMARDWPDARGIWHNDNKSFLVWVNEEDHLRVISMEKGGNMKEVFRRFCVGLQKIEEIFKKAGHPFMWNEHLGYVLTCPSNLGTGLRGGVHVKLAHLSKHPKFEEILTRLRLQKRGTGGVDTAAVGSVFDISNADRLGSSEVEQVQLVVDGVKLMVEMEKKLEKGQSIDDMIPAQK
P21549,MASHKLLVTPPKALLKPLSIPNQLLLGPGPSNLPPRIMAAGGLQMIGSMSKDMYQIMDEIKEGIQYVFQTRNPLTLVISGSGHCALEAALVNVLEPGDSFLVGANGIWGQRAVDIGERIGARVHPMTKDPGGHYTLQEVEEGLAQHKPVLLFLTHGESSTGVLQPLDGFGELCHRYKCLLLVDSVASLGGTPLYMDRQGIDILYSGSQKALNAPPGTSLISFSDKAKKKMYSRKTKPFSFYLDIKWLANFWGCDDQPRMYHHTIPVISLYSLRESLALIAEQGLENSWRQHREAAAYLHGRLQALGLQLFVKDPALRLPTVTTVAVPAGYDWRDIVSYVIDHFDIEIMGGLGPSTGKVLRIGLLGCNATRENVDRVTEALRAALQHCPKKKL
P01012,MGSIGAASMEFCFDVFKELKVHHANENIFYCPIAIMSALAMVYLGAKDSTRTQINKVVRFDKLPGFGDSIEAQCGTSVNVHSSLRDILNQITKPNDVYSFSLASRLYAEERYPILPEYLQCVKELYRGGLEPINFQTAADQARELINSWVESQTNGIIRNVLQPSSVDSQTAMVLVNAIVFKGLWEKAFKDEDTQAMPFRVTEQESKPVQMMYQIGLFRVASMASEKMKILELPFASGTMSMLVLLPDEVSGLEQLESIINFEKLTEWTSSNVMEERKIKVYLPRMKMEEKYNLTSVLMAMGITDVFSSSANLSGISSAESLKISQAVHAAHAEINEAGREVVGSAEAGVDAASVSEEFRADHPFLFCIKHIATNAVLFFGRCVSP
P52003,MNYPVNPDLMPALMAVFQHVRTRIQSELDCQRLDLTPPDVHVLKLIDEQRGLNLQDLGRQMCRDKALITRKIRELEGRNLVRRERNPSDQRSFQLFLTDEGLAIHQHAEAIMSRVHDELFAPLTPVEQATLVHLLDQCLAAQPLEDI
Q9L9D7,MVDGNYSVASNVMVPMRDGVRLAVDLYRPDADGPVPVLLVRNPYDKFDVFAWSTQSTNWLEFVRDGYAVVIQDTRGLFASEGEFVPHVDDEADAEDTLSWILEQAWCDGNVGMFGVSYLGVTQWQAAVSGVGGLKAIAPSMASADLYRAPWYGPGGALSVEALLGWSALIGTGLITSRSDARPEDAADFVQLAAILNDVAGAASVTPLAEQPLLGRLIPWVIDQVVDHPDNDESWQSISLFERLGGLATPALITAGWYDGFVGESLRTFVAVKDNADARLVVGPWSHSNLTGRNADRKFGIAATYPIQEATTMHKAFFDRHLRGETDALAGVPKVRLFVMGIDEWRDETDWPLPDTAYTPFYLGGSGAANTSTGGGTLSTSISGTESADTYLYDPADPVPSLGGTLLFHNGDNGPADQRPIHDRDDVLCYSTEVLTDPVEVTGTVSARLFVSSSAVDTDFTAKLVDVFPDGRAIALCDGIVRMRYRETLVNPTLIEAGEIYEVAIDMLATSNVFLPGHRIMVQVSSSNFPKYDRNSNTGGVIAREQLEEMCTAVNRIHRGPEHPSHIVLPIIKR
P00445,MVQAVAVLKGDAGVSGVVKFEQASESEPTTVSYEIAGNSPNAERGFHIHEFGDATNGCVSAGPHFNPFKKTHGAPTDEVRHVGDMGNVKTDENGVAKGSFKDSLIKLIGPTSVVGRSVVIHAGQDDLGKGDTEESLKTGNAGPRPACGVIGLTN
P12528,MTDITANVVVSNPRPIFTESRSFKAVANGKIYIGQIDTDPVNPANQIPVYIENEDGSHVQITQPLIINAAGKIVYNGQLVKIVTVQGHSMAIYDANGSQVDYIANVLKYDPDQYSIEADKKFKYSVKLSDYPTLQDAASAAVDGLLIDRDYNFYGGETVDFGGKVLTIECKAKFIGDGNLIFTKLGKGSRIAGVFMESTTTPWVIKPWTDDNQWLTDAAAVVATLKQSKTDGYQPTVSDYVKFPGIETLLPPNAKGQNITSTLEIRECIGVEVHRASGLMAGFLFRGCHFCKMVDANNPSGGKDGIITFENLSGDWGKGNYVIGGRTSYGSVSSAQFLRNNGGFERDGGVIGFTSYRAGESGVKTWQGTVGSTTSRNYNLQFRDSVVIYPVWDGFDLGADTDMNPELDRPGDYPITQYPLHQLPLNHLIDNLLVRGALGVGFGMDGKGMYVSNITVEDCAGSGAYLLTHESVFTNIAIIDTNTKDFQANQIYISGACRVNGLRLIGIRSTDGQGLTIDAPNSTVSGITGMVDPSRINVANLAEEGLGNIRANSFGYDSAAIKLRIHKLSKTLDSGALYSHINGGAGSGSAYTQLTAISGSTPDAVSLKVNHKDCRGAEIPFVPDIASDDFIKDSSCFLPYWENNSTSLKALVKKPNGELVRLTLATL
P00889,MALLTAAARLFGAKNASCLVLAARHASASSTNLKDILADLIPKEQARIKTFRQQHGNTVVGQITVDMMYGGMRGMKGLVYETSVLDPDEGIRFRGYSIPECQKMLPKAKGGEEPLPEGLFWLLVTGQIPTEEQVSWLSKEWAKRAALPSHVVTMLDNFPTNLHPMSQLSAAITALNSESNFARAYAEGIHRTKYWELIYEDCMDLIAKLPCVAAKIYRNLYREGSSIGAIDSKLDWSHNFTNMLGYTDAQFTELMRLYLTIHSDHEGGNVSAHTSHLVGSALSDPYLSFAAAMNGLAGPLHGLANQEVLVWLTQLQKEVGKDVSDEKLRDYIWNTLNSGRVVPGYGHAVLRKTDPRYTCQREFALKHLPHDPMFKLVAQLYKIVPNVLLEQGKAKNPWPNVDAHSGVLLQYYGMTEMNYYTVLFGVSRALGVLAQLIWSRALGFPLERPKSMSTDGLIKLVDSK
P0A3H0,MNKTELINAVAETSGLSKKDATKAVDAVFDSITEALRKGDKVQLIGFGNFEVRERAARKGRNPQTGEEMEIPASKVPAFKPGKALKDAVK
Q56304,MVEQDPFEIAVKQLERAAQYMDISEEALEFLKRPQRIVEVSIPVEMDDGSVKVFTGFRVQYNWARGPTKGGIRWHPEETLSTVKALAAWMTWKTAVMDLPYGGGKGGVICNPKEMSDREKERLARGYVRAIYDVISPYTDIPAPDVYTNPQIMAWMMDEYETISRRKDPSFGVITGKPPSVGGIVARMDATARGASYTVREAAKALGMDLKGKTIAIQGYGNAGYYMAKIMSEEYGMKVVAVSDSKGGIYNPDGLNADEVLAWKKKTGSVKDFPGATNITNEELLELEVDVLAPSAIEEVITKKNADNIKAKIVAELANGPTTPEADEILYEKGILIIPDFLCNAGGVTVSYFEWVQNITGDYWTVEETRAKLDKKMTKAFWDVYNTHKEKNINMRDAAYVVAVSRVYQAMKDRGWIKK
P00750,MDAMKRGLCCVLLLCGAVFVSPSQEIHARFRRGARSYQVICRDEKTQMIYQQHQSWLRPVLRSNRVEYCWCNSGRAQCHSVPVKSCSEPRCFNGGTCQQALYFSDFVCQCPEGFAGKCCEIDTRATCYEDQGISYRGTWSTAESGAECTNWNSSALAQKPYSGRRPDAIRLGLGNHNYCRNPDRDSKPWCYVFKAGKYSSEFCSTPACSEGNSDCYFGNGSAYRGTHSLTESGASCLPWNSMILIGKVYTAQNPSAQALGLGKHNYCRNPDGDAKPWCHVLKNRRLTWEYCDVPSCSTCGLRQYSQPQFRIKGGLFADIASHPWQAAIFAKHRRSPGERFLCGGILISSCWILSAAHCFQERFPPHHLTVILGRTYRVVPGEEEQKFEVEKYIVHKEFDDDTYDNDIALLQLKSDSSRCAQESSVVRTVCLPPADLQLPDWTECELSGYGKHEALSPFYSERLKEAHVRLYPSSRCTSQHLLNRTVTDNMLCAGDTRSGGPQANLHDACQGDSGGPLVCLNDGRMTLVGIISWGLGCGQKDVPGVYTKVTNYLDWIRDNMRP
P00722,MTMITDSLAVVLQRRDWENPGVTQLNRLAAHPPFASWRNSEEARTDRPSQQLRSLNGEWRFAWFPAPEAVPESWLECDLPEADTVVVPSNWQMHGYDAPIYTNVTYPITVNPPFVPTENPTGCYSLTFNVDESWLQEGQTRIIFDGVNSAFHLWCNGRWVGYGQDSRLPSEFDLSAFLRAGENRLAVMVLRWSDGSYLEDQDMWRMSGIFRDVSLLHKPTTQISDFHVATRFNDDFSRAVLEAEVQMCGELRDYLRVTVSLWQGETQVASGTAPFGGEIIDERGGYADRVTLRLNVENPKLWSAEIPNLYRAVVELHTADGTLIEAEACDVGFREVRIENGLLLLNGKPLLIRGVNRHEHHPLHGQVMDEQTMVQDILLMKQNNFNAVRCSHYPNHPLWYTLCDRYGLYVVDEANIETHGMVPMNRLTDDPRWLPAMSERVTRMVQRDRNHPSVIIWSLGNESGHGANHDALYRWIKSVDPSRPVQYEGGGADTTATDIICPMYARVDEDQPFPAVPKWSIKKWLSLPGETRPLILCEYAHAMGNSLGGFAKYWQAFRQYPRLQGGFVWDWVDQSLIKYDENGNPWSAYGGDFGDTPNDRQFCMNGLVFADRTPHPALTEAKHQQQFFQFRLSGQTIEVTSEYLFRHSDNELLHWMVALDGKPLASGEVPLDVAPQGKQLIELPELPQPESAGQLWLTVRVVQPNATAWSEAGHISAWQQWRLAENLSVTLPAASHAIPHLTTSEMDFCIELGNKRWQFNRQSGFLSQMWIGDKKQLLTPLRDQFTRAPLDNDIGVSEATRIDPNAWVERWKAAGHYQAEAALLQCTADTLADAVLITTAHAWQHQGKTLFISRKTYRIDGSGQMAITVDVEVASDTPHPARIGLNCQLAQVAERVNWLGLGPQENYPDRLTAACFDRWDLPLSDMYTPYVFPSENGLRCGTRELNYGPHQWRGDFQFNISRYSQQQLMETSHRHLLHAEEGTWLNIDGFHMGIGGDDSWSPSVSAEFQLSAGRYHYQLVWCQK
P03023,MKPVTLYDVAEYAGVSYQTVSRVVNQASHVSAKTREKVEAAMAELNYIPNRVAQQLAGKQSLLIGVATSSLALHAPSQIVAAIKSRADQLGASVVVSMVERSGVEACKAAVHNLLAQRVSGLIINYPLDDQDAIAVEAACTNVPALFLDVSDQTPINSIIFSHEDGTRLGVEHLVALGHQQIALLAGPLSSVSARLRLAGWHKYLTRNQIQPIAEREGDWSAMSGFQQTMQMLNEGIVPTAMLVANDQMALGAMRAITESGLRVGADISVVGYDDTEDSSCYIPPLTTIKQDFRLLGQTSVDRLLQLSQGQAVKGNQLLPVSLVKRKTTLAPNTQTASPRALADSLMQLARQVSRLESGQ
P05121,MQMSPALTCLVLGLALVFGEGSAVHHPPSYVAHLASDFGVRVFQQVAQASKDRNVVFSPYGVASVLAMLQLTTGGETQQQIQAAMGFKIDDKGMAPALRHLYKELMGPWNKDEISTTDAIFVQRDLKLVQGFMPHFFRLFRSTVKQVDFSEVERARFIINDWVKTHTKGMISNLLGKGAVDQLTRLVLVNALYFNGQWKTPFPDSSTHRRLFHKSDGSTVSVPMMAQTNKFNYTEFTTPDGHYYDILELPYHGDTLSMFIAAPYEKEVPLSALTNILSAQLISHWKGNMTRLPRLLVLPKFSLETEVDLRKPLENLGMTDMFRQFQADFTSLSDQEPLHVAQALQKVKIEVNESGTVASSSTAVIVSARMAPEEIIMDRPFLFVVRHNPTGTVLFMGQVMEP
P00749,MRALLARLLLCVLVVSDSKGSNELHQVPSNCDCLNGGTCVSNKYFSNIHWCNCPKKFGGQHCEIDKSKTCYEGNGHFYRGKASTDTMGRPCLPWNSATVLQQTYHAHRSDALQLGLGKHNYCRNPDNRRRPWCYVQVGLKLLVQECMVHDCADGKKPSSPPEELKFQCGQKTLRPRFKIIGGEFTTIENQPWFAAIYRRHRGGSVTYVCGGSLISPCWVISATHCFIDYPKKEDYIVYLGRSRLNSNTQGEMKFEVENLILHKDYSADTLAHHNDIALLKIRSKEGRCAQPSRTIQTICLPSMYNDPQFGTSCEITGFGKENSTDYLYPEQLKMTVVKLISHRECQQPHYYGSEVTTKMLCAADPQWKTDSCQGDSGGPLVCSLQGRMTLTGIVSWGRGCALKDKPGVYTRVSHFLPWIRSHTKEENGLAL
P07017,MINRIRVVTLLVMVLGVFALLQLISGSLFFSSLHHSQKSFVVSNQLREQQGELTSTWDLMLQTRINLSRSAVRMMMDSSNQQSNAKVELLDSARKTLAQAATHYKKFKSMAPLPEMVATSRNIDEKYKNYYTALTELIDYLDYGNTGAYFAQPTQGMQNAMGEAFAQYALSSEKLYRDIVTDNADDYRFAQWQLAVIALVVVLILLVAWYGIRRMLLTPLAKIIAHIREIAGGNLANTLTIDGRSEMGDLAQSVSHMQRSLTDTVTHVREGSDAIYAGTREIAAGNTDLSSRTEQQASALEETAASMEQLTATVKQNADNARQASQLAQSASDTAQHGGKVVDGVVKTMHEIADSSKKIADIISVIDGIAFQTNILALNAAVEAARAGEQGRGFAVVAGEVRNLASRSAQAAKEIKALIEDSVSRVDTGSVLVESAGETMNNIVNAVTRVTDIMGEIASASDEQSRGIDQVALAVSEMDRVTQQNASLVQESAAAAAALEEQASRLTQAVSAFRLAASPLTNKPQTPSRPASEQPPAQPRLRIAEQDPNWETF
P38909,MLWKNYVLSSSRITRRLHKSPRKSSFSKNFFITGCLLTVGAVSSYLTYRYTSERENKHELSPSYFVKYKISHKRDIDSSHFLLEVTPLFKQKVNIWSLMTAENLWSVEIKQPEVMVVRNYTPLPLKFNPASKEIEILKDGDNADGKLSFYIKKYENGEVARWLHHLPKGHIIEIRGPFIDYEFPHLPNELKRSRDCLYMDNRNERGNNVRENSQFIYQPYDIMMFTAGTGIVTALQLLLTESPFRGTIKLFHTDKNIKQLGPLYPILLRLQASNRVQLKIFETDRQTKQDVLKSIQKSITKPYPYKGLLPFSNVNNKNIMPVLALVCGPESYISSISGRKYDLNQGPVGGLLSKEGWNSDNVYKLS
P00441,MATKAVCVLKGDGPVQGIINFEQKESNGPVKVWGSIKGLTEGLHGFHVHEFGDNTAGCTSAGPHFNPLSRKHGGPKDEERHVGDLGNVTADKDGVADVSIEDSVISLSGDHCIIGRTLVVHEKADDLGKGGNEESTKTGNAGSRLACGVIGIAQ
P34093,MFSRFARAFPKILASGASQRTFATVQKAFANPTSKKLIVGSSLLIGSAFATTSFVACENKSVPLVGLPGTNQERSFIAIKVSSTQRRLIGEIIARFEKKGFKLVGIKILVPTPEHAAKHYEDLNKKPFFNGLVKFFSSGAVVAMVFEGKDVVRTGRVLIGATDPSQSAPGTIRFDLCIETGRNIIHGSDSNESAAHEIALWFKEDEIANWVSTNPVYEKM
P62898,MGDVEKGKKIFVQKCAQCHTVEKGGKHKTGPNLHGLFGRKTGQAAGFSYTDANKNKGITWGEDTLMEYLENPKKYIPGTKMIFAGIKKKGERADLIAYLKKATNE
P06876,MARRPRHSIYSSDEDDEDIEMCDHDYDGLLPKSGKRHLGKTRWTREEDEKLKKLVEQNGTDDWKVIANYLPNRTDVQCQHRWQKVLNPELIKGPWTKEEDQRVIELVQKYGPKRWSVIAKHLKGRIGKQCRERWHNHLNPEVKKTSWTEEEDRIIYQAHKRLGNRWAEIAKLLPGRTDNAIKNHWNSTMRRKVEQEGYLQEPSKASQTPVATSFQKNNHLMGFGHASPPSQLSPSGQSSVNSEYPYYHIAEAQNISSHVPYPVALHVNIVNVPQPAAAAIQRHYNDEDPEKEKRIKELELLLMSTENELKGQQALPTQNHTCSYPGWHSTSIVDQTRPHGDSAPVSCLGEHHATPSLPADPGSLPEESASPARCMIVHQGTILDNVKNLLEFAETLQFIDSFLNTSSNHESSGLDAPTLPSTPLIGHKLTPCRDQTVKTQKENSIFRTPAIKRSILESSPRTPTPFKHALAAQEIKYGPLKMLPQTPSHAVEDLQDVIKQESDESGIVAEFQESGPPLLKKIKQEVESPTEKSGNFFCSNHWAENSLSTQLFSQASPVADAPNILTSSVLMTPVSEDEDNVLKAFTVPKNRPLVGPLQPCSGAWEPASCGKTEDQMTASGPARKYVNAFSARTLVM
P00943,MRKPIIAGNWKMHKTLAEAVQFVEDVKGHVPPADEVISVVCAPFLFLDRLVQAADGTDLKIGAQTMHFADQGAYTGEVSPVMLKDLGVTYVILGHSERRQMFAETDETVNKKVLAAFTRGLIPIICCGESLEEREAGQTNAVVASQVEKALAGLTPEQVKQAVIAYEPIWAIGTGKSSTPEDANSVCGHIRSVVSRLFGPEAAEAIRIQYGGSVKPDNIRDFLAQQQIDGPLVGGASLEPASFLQLVEAGRHE
P0A0L1,MKKTAFTLLLFIALTLTTSPLVNGSEKSEEINEKDLRKKSELQGTALGNLKQIYYYNEKAKTENKESHDQFLQHTILFKGFFTDHSWYNDLLVDFDSKDIVDKYKGKKVDLYGAYYGYQCAGGTPNKTACMYGGVTLHDNNRLTEEKKVPINLWLDGKQNTVPLETVKTNKKNVTVQELDLQARRYLQEKYNLYNSDVFDGKVQRGLIVFHTSTEPSVNYDLFGAQGQYSNTLLRIYRDNKTINSENMHIDIYLYTS
P12993,MKKTAFILLLFIALTLTTSPLVNGSEKSEEINEKDLRKKSELQRNALSNLRQIYYYNEKAITENKESDDQFLENTLLFKGFFTGHPWYNDLLVDLGSKDATNKYKGKKVDLYGAYYGYQCAGGTPNKTACMYGGVTLHDNNRLTEEKKVPINLWIDGKQTTVPIDKVKTSKKEVTVQELDLQARHYLHGKFGLYNSDSFGGKVQRGLIVFHSSEGSTVSYDLFDAQGQYPDTLLRIYRDNKTINSENLHIDLYLYTT
P80579,ATMTLTDANFQQAIQGDKPVLVDFWAAWCGPCRMMAPVLEEFAEAHADKVTVAKLNVDENPETTSQFGIMSIPTLILFKGGRPVKQLIGYQPKEQLEAQLADVLQ
Q56319,MRRLWEIVEAKKKDILEIDGENLIVQRRNHRFLEVLSGKERVKIIAEFKKASPSAGDINADASLEDFIRMYDELADAISILTEKHYFKGDPAFVRAARNLTCRPILAKDFYIDTVQVKLASSVGADAILIIARILTAEQIKEIYEAAEELGMDSLVEVHSREDLEKVFSVIRPKIIGINTRDLDTFEIKKNVLWELLPLVPDDTVVVAESGIKDPRELKDLRGKVNAVLVGTSIMKAENPRRFLEEMRAWSE
P0A7A9,MSLLNVPAGKDLPEDIYVVIEIPANADPIKYEIDKESGALFVDRFMSTAMFYPCNYGYINHTLSLDGDPVDVLVPTPYPLQPGSVIRCRPVGVLKMTDEAGEDAKLVAVPHSKLSKEYDHIKDVNDLPELLKAQIAHFFEHYKDLEKGKWVKVEGWENAEAAKAEIVASFERAKNK
P00811,MFKTTLCALLITASCSTFAAPQQINDIVHRTITPLIEQQKIPGMAVAVIYQGKPYYFTWGYADIAKKQPVTQQTLFELGSVSKTFTGVLGGDAIARGEIKLSDPTTKYWPELTAKQWNGITLLHLATYTAGGLPLQVPDEVKSSSDLLRFYQNWQPAWAPGTQRLYANSSIGLFGALAVKPSGLSFEQAMQTRVFQPLKLNHTWINVPPAEEKNYAWGYREGKAVHVSPGALDAEAYGVKSTIEDMARWVQSNLKPLDINEKTLQQGIQLAQSRYWQTGDMYQGLGWEMLDWPVNPDSIINGSDNKIALAARPVKAITPPTPAVRASWVHKTGATGGFGSYVAFIPEKELGIVMLANKNYPNPARVDAAWQILNALQ
P07170,MSSSESIRMVLIGPPGAGKGTQAPNLQERFHAAHLATGDMLRSQIAKGTQLGLEAKKIMDQGGLVSDDIMVNMIKDELTNNPACKNGFILDGFPRTIPQAEKLDQMLKEQGTPLEKAIELKVDDELLVARITGRLIHPASGRSYHKIFNPPKEDMKDDVTGEALVQRSDDNADALKKRLAAYHAQTEPIVDFYKKTGIWAGVDASQPPATVWADILNKLGKD
P08921,MRCKFLGSFFLLFSLSSKGADCRDSGTVWGALGHGINLNIPNFQMTDDIDEVRWERGSTLVAEFKRKMKPFLKSGAFEILANGDLKIKNLTRDDSGTYNVTVYSTNGTRILNKALDLRILEMVSKPMIYWECSNATLTCEVLEGTDVELKLYQGKEHLRSLRQKTMSYQWTNLRAPFKCKAVNRVSQESEMEVVNCPEKGLPLYLIVGVSAGGLLLVFFGALFIFCICKRKKRNRRRKGEELEIKASRMSTVERGPKPHSTQASAPASQNPVASQAPPPPGHHLQTPGHRPLPPSHRNREHQPKKRPPPSGTQVHQQKGPPLPRPRVQPKPPCGSGDVSLPPPN
P03040,MEQRITLKDYAMRFGQTKTAKDLGVYQSAINKAIHAGRKIFLTINADGSVYAEEVKPFPSNKKTTA
P61991,MATVKFKYKGEEKQVDISKIKKVWRVGKMISFTYDEGGGKTGRGAVSEKDAPKELLQMLEKQKK
P08758,MAQVLRGTVTDFPGFDERADAETLRKAMKGLGTDEESILTLLTSRSNAQRQEISAAFKTLFGRDLLDDLKSELTGKFEKLIVALMKPSRLYDAYELKHALKGAGTNEKVLTEIIASRTPEELRAIKQVYEEEYGSSLEDDVVGDTSGYYQRMLVVLLQANRDPDAGIDEAQVEQDAQALFQAGELKWGTDEEKFITIFGTRSVSHLRKVFDKYMTISGFQIEETIDRETSGNLEQLLLAVVKSIRSIPAYLAETLYYAMKGAGTDDHTLIRVMVSRSEIDLFNIRKEFRKNFATSLYSMIKGDTSGDYKKALLLLCGEDD
P25984,MKGFAMLGINKLGWIEKERPVAGSYDAIVRPLAVSPCTSDIHTVFEGALGDRKNMILGHEAVGEVVEVGSEVKDFKPGDRVIVPCTTPDWRSLEVQAGFQQHSNGMLAGWKFSNFKDGVFGEYFHVNDADMNLAILPKDMPLENAVMITDMMTTGFHGAELADIQMGSSVVVIGIGAVGLMGIAGAKLRGAGRIIGVGSRPICVEAAKFYGATDILNYKNGHIVDQVMKLTNGKGVDRVIMAGGGSETLSQAVSMVKPGGIISNINYHGSGDALLIPRVEWGCGMAHKTIKGGLCPGGRLRAEMLRDMVVYNRVDLSKLVTHVYHGFDHIEEALLLMKDKPKDLIKAVVIL
P00157,MTNIRKSHPLMKIVNNAFIDLPAPSNISSWWNFGSLLGICLILQILTGLFLAMHYTSDTTTAFSSVTHICRDVNYGWIIRYMHANGASMFFICLYMHVGRGLYYGSYTFLETWNIGVILLLTVMATAFMGYVLPWGQMSFWGATVITNLLSAIPYIGTNLVEWIWGGFSVDKATLTRFFAFHFILPFIIMAIAMVHLLFLHETGSNNPTGISSDVDKIPFHPYYTIKDILGALLLILALMLLVLFAPDLLGDPDNYTPANPLNTPPHIKPEWYFLFAYAILRSIPNKLGGVLALAFSILILALIPLLHTSKQRSMMFRPLSQCLFWALVADLLTLTWIGGQPVEHPYITIGQLASVLYFLLILVLMPTAGTIENKLLKW
P04168,EPRAEDGHAHDYVNEAADASGHPRYQEGQLCENCAFWGEAVQDGWGRCTHPDFDEVLVKAEGWCSVYAPAS
P04391,MSGFYHKHFLKLLDFTPAELNSLLQLAAKLKADKKSGKEEAKLTGKNIALIFEKDSTRTRCSFEVAAYDQGARVTYLGPSGSQIGHKESIKDTARVLGRMYDGIQYRGYGQEIVETLAEYASVPVWNGLTNEFHPTQLLADLLTMQEHLPGKAFNEMTLVYAGDARNNMGNSMLEAAALTGLDLRLVAPQACWPEAALVTECRALAQQNGGNITLTEDVAKGVEGADFIYTDVWVSMGEAKEKWAERIALLREYQVNSKMMQLTGNPEVKFLHCLPAFHDDQTTLGKKMAEEFGLHGGMEVTDEVFESAASIVFDQAENRMHTIKAVMVATLSK
P08839,MISGILASPGIAFGKALLLKEDEIVIDRKKISADQVDQEVERFLSGRAKASAQLETIKTKAGETFGEEKEAIFEGHIMLLEDEELEQEIIALIKDKHMTADAAAHEVIEGQASALEELDDEYLKERAADVRDIGKRLLRNILGLKIIDLSAIQDEVILVAADLTPSETAQLNLKKVLGFITDAGGRTSHTSIMARSLELPAIVGTGSVTSQVKNDDYLILDAVNNQVYVNPTNEVIDKMRAVQEQVASEKAELAKLKDLPAITLDGHQVEVCANIGTVRDVEGAERNGAEGVGLYRTEFLFMDRDALPTEEEQFAAYKAVAEACGSQAVIVRTMDIGGDKELPYMNFPKEENPFLGWRAIRIAMDRREILRDQLRAILRASAFGKLRIMFPMIISVEEVRALRKEIEIYKQELRDEGKAFDESIEIGVMVETPAAATIARHLAKEVDFFSIGTNDLTQYTLAVDRGNDMISHLYQPMSPSVLNLIKQVIDASHAEGKWTGMCGELAGDERATLLLLGMGLDEFSMSAISIPRIKKIIRNTNFEDAKVLAEQALAQPTTDELMTLVNKFIEEKTIC
P69488,MLDEKSSNTASVVVLCTAPDEATAQDLAAKVLAEKLAACATLIPGATSLYYWEGKLEQEYEVQMILKTTVSHQQALLECLKSHHPYQTPELLVLPVTHGDTDYLSWLNASLR
P08753,MGCTLSAEDKAAVERSKMIDRNLREDGEKAAKEVKLLLLGAGESGKSTIVKQMKIIHEDGYSEDECKQYKVVVYSNTIQSIIAIIRAMGRLKIDFGEAARADDARQLFVLAGSAEEGVMTSELAGVIKRLWRDGGVQACFSRSREYQLNDSASYYLNDLDRISQTNYIPTQQDVLRTRVKTTGIVETHFTFKELYFKMFDVGGQRSERKKWIHCFEGVTAIIFCVALSDYDLVLAEDEEMNRMHESMKLFDSICNNKWFTDTSIILFLNKKDLFEEKIKRSPLTICYPEYTGSNTYEEAAAYIQCQFEDLNRRKDTKEVYTHFTCATDTKNVQFVFDAVTDVIIKNNLKECGLY
P08038,MMIFRFVTTLAASLPLLTFAAPISFSHAKNEAVKIYRDHPVSFYCGCEIRWQGKKGIPDLESCGYQVRKNENRASRIEWEHVVPAWQFGHQLQCWQQGGRKNCTRTSPEFNQMEADLHNLTPAIGEVNGDRSNFSFSQWNGVDGVTYGQCEMQVNFKERTAMPPERARGAIARTYLYMSEQYGLRLSKAQSQLMQAWNNQYPVSEWECVRDQRIEKVQGNSNRFVREQCPN
P01857,ASTKGPSVFPLAPSSKSTSGGTAALGCLVKDYFPEPVTVSWNSGALTSGVHTFPAVLQSSGLYSLSSVVTVPSSSLGTQTYICNVNHKPSNTKVDKKVEPKSCDKTHTCPPCPAPELLGGPSVFLFPPKPKDTLMISRTPEVTCVVVDVSHEDPEVKFNWYVDGVEVHNAKTKPREEQYNSTYRVVSVLTVLHQDWLNGKEYKCKVSNKALPAPIEKTISKAKGQPREPQVYTLPPSRDELTKNQVSLTCLVKGFYPSDIAVEWESNGQPENNYKTTPPVLDSDGSFFLYSKLTVDKSRWQQGNVFSCSVMHEALHNHYTQKSLSLSPELQLEESCAEAQDGELDGLWTTITIFITLFLLSVCYSATVTFFKVKWIFSSVVDLKQTIIPDYRNMIGQGA
P07320,MGKITLYEDRGFQGRHYECSSDHPNLQPYLSRCNSARVDSGCWMLYEQPNYSGLQYFLRRGDYADHQQWMGLSDSVRSCRLIPHSGSHRIRLYEREDYRGQMIEFTEDCSCLQDRFRFNEIHSLNVLEGSWVLYELSNYRGRQYLLMPGDYRRYQDWGATNARVGSLRRVIDFS
Q9A1S2,MKLRHLLLTGAALTSFAATTVHGETVVNGAKLTVTKNLDLVNSNALIPNTDFTFKIEPDTTVNEDGNKFKGVALNTPMTKVTYTNSDKGGSNTKTAEFDFSEVTFEKPGVYYYKVTEEKIDKVPGVSYDTTSYTVQVHVLWNEEQQKPVATYIVGYKEGSKVPIQFKNSLDSTTLTVKKKVSGTGGDRSKDFNFGLTLKANQYYKASEKVMIEKTTKGGQAPVQTEASIDQLYHFTLKDGESIKVTNLPVGVDYVVTEDDYKSEKYTTNVEVSPQDGAVKNIAGNSTEQETSTDKDMTITFTNKKDFEVPTGVAMTVAPYIALGIVAVGGALYFVKKKNA
P46065,MGNIMDGKSVEELSSTECHQWYKKFMTECPSGQLTLYEFRQFFGLKNLSPWASQYVEQMFETFDFNKDGYIDFMEYVAALSLVLKGKVEQKLRWYFKLYDVDGNGCIDRDELLTIIRAIRAINPCSDSTMTAEEFTDTVFSKIDVNGDGELSLEEFMEGVQKDQMLLDTLTRSLDLTRIVRRLQNGEQDEEGASGRETEAAEADG
P04925,MANLGYWLLALFVTMWTDVGLCKKRPKPGGWNTGGSRYPGQGSPGGNRYPPQGGTWGQPHGGGWGQPHGGSWGQPHGGSWGQPHGGGWGQGGGTHNQWNKPSKPKTNLKHVAGAAAAGAVVGGLGGYMLGSAMSRPMIHFGNDWEDRYYRENMYRYPNQVYYRPVDQYSNQNNFVHDCVNITIKQHTVTTTTKGENFTETDVKMMERVVEQMCVTQYQKESQAYYDGRRSSSTVLFSSPPVILLISFLIFLIVG
P04166,MATPEASGSGRNGQGSDPAVTYYRLEEVAKRNTAEETWMVIHGRVYDITRFLSEHPGGEEVLLEQAGADATESFEDVGHSPDAREMLKQYYIGDVHPNDLKPKDGDKDPSKNNSCQSSWAYWIVPIVGAILIGFLYRHFWADSKSS
Q97W02,MIVLFVDFDYFYAQVEEVLNPSLKGKPVVVCVFSGRFEDSGAVATANYEARKFGVKAGIPIVEAKKILPNAVYLPMRKEVYQQVSSRIMNLLREYSEKIEIASIDEAYLDISDKVRDYREAYNLGLEIKNKILEKEKITVTVGISKNKVFAKIAADMAKPNGIKVIDDEEVKRLIRELDIADVPGIGNITAEKLKKLGINKLVDTLSIEFDKLKGMIGEAKAKYLISLARDEYNEPIRTRVRKSIGRIVTMKRNSRNLEEIKPYLFRAIEESYYKLDKRIPKAIHVVAVTEDLDIVSRGRTFPHGISKETAYSESVKLLQKILEEDERKIRRIGVRFSKFIEAIGLDKFFDT
P28366,MLGILNKMFDPTKRTLNRYEKIANDIDAIRGDYENLSDDALKHKTIEFKERLEKGATTDDLLVEAFAVVREASRRVTGMFPFKVQLMGGVALHDGNIAEMKTGEGKTLTSTLPVYLNALTGKGVHVVTVNEYLASRDAEQMGKIFEFLGLTVGLNLNSMSKDEKREAYAADITYSTNNELGFDYLRDNMVLYKEQMVQRPLHFAVIDEVDSILIDEARTPLIISGQAAKSTKLYVQANAFVRTLKAEKDYTYDIKTKAVQLTEEGMTKAEKAFGIDNLFDVKHVALNHHINQALKAHVAMQKDVDYVVEDGQVVIVDSFTGRLMKGRRYSEGLHQAIEAKEGLEIQNESMTLATITFQNYFRMYEKLAGMTGTAKTEEEEFRNIYNMQVVTIPTNRPVVRDDRPDLIYRTMEGKFKAVAEDVAQRYMTGQPVLVGTVAVETSELISKLLKNKGIPHQVLNAKNHEREAQIIEEAGQKGAVTIATNMAGRGTDIKLGEGVKELGGLAVVGTERHESRRIDNQLRGRSGRQGDPGITQFYLSMEDELMRRFGAERTMAMLDRFGMDDSTPIQSKMVSRAVESSQKRVEGNNFDSRKQLLQYDDVLRQQREVIYKQRFEVIDSENLREIVENMIKSSLERAIAAYTPREELPEEWKLDGLVDLINTTYLDEGALEKSDIFGKEPDEMLELIMDRIITKYNEKEEQFGKEQMREFEKVIVLRAVDSKWMDHIDAMDQLRQGIHLRAYAQTNPLREYQMEGFAMFEHMIESIEDEVAKFVMKAEIENNLEREEVVQGQTTAHQPQEGDDNKKAKKAPVRKVVDIGRNAPCHCGSGKKYKNCCGRTE
P10408,MLIKLLTKVFGSRNDRTLRRMRKVVNIINAMEPEMEKLSDEELKGKTAEFRARLEKGEVLENLIPEAFAVVREASKRVFGMRHFDVQLLGGMVLNERCIAEMRTGEGKTLTATLPAYLNALTGKGVHVVTVNDYLAQRDAENNRPLFEFLGLTVGINLPGMPAPAKREAYAADITYGTNNEYGFDYLRDNMAFSPEERVQRKLHYALVDEVDSILIDEARTPLIISGPAEDSSEMYKRVNKIIPHLIRQEKEDSETFQGEGHFSVDEKSRQVNLTERGLVLIEELLVKEGIMDEGESLYSPANIMLMHHVTAALRAHALFTRDVDYIVKDGEVIIVDEHTGRTMQGRRWSDGLHQAVEAKEGVQIQNENQTLASITFQNYFRLYEKLAGMTGTADTEAFEFSSIYKLDTVVVPTNRPMIRKDLPDLVYMTEAEKIQAIIEDIKERTAKGQPVLVGTISIEKSELVSNELTKAGIKHNVLNAKFHANEAAIVAQAGYPAAVTIATNMAGRGTDIVLGGSWQAEVAALENPTAEQIEKIKADWQVRHDAVLEAGGLHIIGTERHESRRIDNQLRGRSGRQGDAGSSRFYLSMEDALMRIFASDRVSGMMRKLGMKPGEAIEHPWVTKAIANAQRKVESRNFDIRKQLLEYDDVANDQRRAIYSQRNELLDVSDVSETINSIREDVFKATIDAYIPPQSLEEMWDIPGLQERLKNDFDLDLPIAEWLDKEPELHEETLRERILAQSIEVYQRKEEVVGAEMMRHFEKGVMLQTLDSLWKEHLAAMDYLRQGIHLRGYAQKDPKQEYKRESFSMFAAMLESLKYEVISTLSKVQVRMPEEVEELEQQRRMEAERLAQMQQLSHQDDDSAAAAALAAQTGERKVGRNDPCPCGSGKKYKQCHGRLQ
P54178,MKVIKGLTAGLIFLFLCACGGQQIKDPLNYEVEPFTFQNQDGKNVSLESLKGEVWLADFIFTNCETICPPMTAHMTDLQKKLKAENIDVRIISFSVDPENDKPKQLKKFAANYPLSFDNWDFLTGYSQSEIEEFALKSFKAIVKKPEGEDQVIHQSSFYLVGPDGKVLKDYNGVENTPYDDIISDVKSASTLK
P60484,MTAIIKEIVSRNKRRYQEDGFDLDLTYIYPNIIAMGFPAERLEGVYRNNIDDVVRFLDSKHKNHYKIYNLCAERHYDTAKFNCRVAQYPFEDHNPPQLELIKPFCEDLDQWLSEDDNHVAAIHCKAGKGRTGVMICAYLLHRGKFLKAQEALDFYGEVRTRDKKGVTIPSQRRYVYYYSYLLKNHLDYRPVALLFHKMMFETIPMFSGGTCNPQFVVCQLKVKIYSSNSGPTRREDKFMYFEFPQPLPVCGDIKVEFFHKQNKMLKKDKMFHFWVNTFFIPGPEETSEKVENGSLCDQEIDSICSIERADNDKEYLVLTLTKNDLDKANKDKANRYFSPNFKVKLYFTKTVEEPSNPEASSSTSVTPDVSDNEPDHYRYSDTTDSDPENEPFDEDQHTQITKV
O26652,MKVEDYFHDILRERKIHLTLIDPEEQTPEEAVEIARAAIRGGTDGIMLGGSTTDSSELDNTARALRENIDVPIILFPGNTTGVSRYADAIFFMSLLNSTNPYWIIGAQALGAATVKKMGIEALPMGYLVVEPGGTVGWVGDTKPVPRNKPDIAAAYAMAAEFLGMRLFYLEAGSGAPEHVPEEMIALVKRCTDQILIVGGGIRSGEDAARVAGAGADVVVTGTVVENSDNVEDKIREIVEGMGSV
P0C0Y8,MALLSFERKYRVPGGTLVGGNLFDFWVGPFYVGFFGVATFFFAALGIILIAWSAVLQGTWNPQLISVYPPALEYGLGGAPLAKGGLWQIITICATGAFVSWALREVEICRKLGIGYHIPFAFAFAILAYLTLVLFRPVMMGAWGYAFPYGIWTHLDWVSNTGYTYGNFHYNPAHMIAISFFFTNALALALHGALVLSAANPEKGKEMRTPDHEDTFFRDLVGYSIGTLGIHRLGLLLSLSAVFFSALCMIITGTIWFDQWVDWWQWWVKLPWWANIPGGING
P0C0Y9,MAEYQNIFSQVQVRGPADLGMTEDVNLANRSGVGPFSTLLGWFGNAQLGPIYLGSLGVLSLFSGLMWFFTIGIWFWYQAGWNPAVFLRDLFFFSLEPPAPEYGLSFAAPLKEGGLWLIASFFMFVAVWSWWGRTYLRAQALGMGKHTAWAFLSAIWLWMVLGFIRPILMGSWSEAVPYGIFSHLDWTNNFSLVHGNLFYNPFHGLSIAFLYGSALLFAMHGATILAVSRFGGERELEQIADRGTAAERAALFWRWTMGFNATMEGIHRWAIWMAVLVTLTGGIGILLSGTVVDNWYVWGQNHGMAPLN
P35052,MELRARGWWLLCAAAALVACARGDPASKSRSCGEVRQIYGAKGFSLSDVPQAEISGEHLRICPQGYTCCTSEMEENLANRSHAELETALRDSSRVLQAMLATQLRSFDDHFQHLLNDSERTLQATFPGAFGELYTQNARAFRDLYSELRLYYRGANLHLEETLAEFWARLLERLFKQLHPQLLLPDDYLDCLGKQAEALRPFGEAPRELRLRATRAFVAARSFVQGLGVASDVVRKVAQVPLGPECSRAVMKLVYCAHCLGVPGARPCPDYCRNVLKGCLANQADLDAEWRNLLDSMVLITDKFWGTSGVESVIGSVHTWLAEAINALQDNRDTLTAKVIQGCGNPKVNPQGPGPEEKRRRGKLAPRERPPSGTLEKLVSEAKAQLRDVQDFWISLPGTLCSEKMALSTASDDRCWNGMARGRYLPEVMGDGLANQINNPEVEVDITKPDMTIRQQIMQLKIMTNRLRSAYNGNDVDFQDASDDGSGSGSGDGCLDDLCSRKVSRKSSSSRTPLTHALPGLSEQEGQKTSAASCPQPPTFLLPLLLFLALTVARPRWR
Q99983,MGFLSPIYVIFFFFGVKVHCQYETYQWDEDYDQEPDDDYQTGFPFRQNVDYGVPFHQYTLGCVSECFCPTNFPSSMYCDNRKLKTIPNIPMHIQQLYLQFNEIEAVTANSFINATHLKEINLSHNKIKSQKIDYGVFAKLPNLLQLHLEHNNLEEFPFPLPKSLERLLLGYNEISKLQTNAMDGLVNLTMLDLCYNYLHDSLLKDKIFAKMEKLMQLNLCSNRLESMPPGLPSSLMYLSLENNSISSIPEKYFDKLPKLHTLRMSHNKLQDIPYNIFNLPNIVELSVGHNKLKQAFYIPRNLEHLYLQNNEIEKMNLTVMCPSIDPLHYHHLTYIRVDQNKLKEPISSYIFFCFPHIHTIYYGEQRSTNGQTIQLKTQVFRRFPDDDDESEDHDDPDNAHESPEQEGAEGHFDLHYYENQE
Q16595,MWTLGRRAVAGLLASPSPAQAQTLTRVPRPAELAPLCGRRGLRTDIDATCTPRRASSNQRGLNQIWNVKKQSVYLMNLRKSGTLGHPGSLDETTYERLAEETLDSLAEFFEDLADKPYTFEDYDVSFGSGVLTVKLGGDLGTYVINKQTPNKQIWLSSPSSGPKRYDWTGKNWVYSHDGVSLHELLAAELTKALKTKLDLSSLAYSGKDA
P08168,MKANKPAPNHVIFKKISRDKSVTIYLGKRDYIDHVERVEPVDGVVLVDPELVKGKRVYVSLTCAFRYGQEDIDVMGLSFRRDLYFSQVQVFPPVGASGATTRLQESLIKKLGANTYPFLLTFPDYLPCSVMLQPAPQDVGKSCGVDFEIKAFATHSTDVEEDKIPKKSSVRLLIRKVQHAPRDMGPQPRAEASWQFFMSDKPLRLAVSLSKEIYYHGEPIPVTVAVTNSTEKTVKKIKVLVEQVTNVVLYSSDYYIKTVAAEEAQEKVPPNSSLTKTLTLVPLLANNRERRGIALDGKIKHEDTNLASSTIIKEGIDKTVMGILVSYQIKVKLTVSGLLGELTSSEVATEVPFRLMHPQPEDPDTAKESFQDENFVFEEFARQNLKDAGEYKEEKTDQEAAMDE
Q5E9J8,MEPRAVADALETGEEDVVMEALRAYNRENSQSFTFDDAQQEDRKRLAKLLVSVLEQGLPPSRRVIWLQSIRILSRDRSCLDSFTSRRSLQALACYAGISASQGSVPEPLNMDVVLESLKCLCNLVLSSPVAQALAAEAGLVVRLAERVGLCRQSSFPHDVQFFDLRLLFLLTALRTDVRQQLFQELQGVRLLTRALELTLGMTEGERHPELLPPQETERAMEILKVLFNITFDSIKREVDEEDAALYRHLGTLLRHCVMLAAAGDRTEELHGHAVNLLGNLPVKCLDVLLTLEPHEGSLEFLGVNMDVIRVLLSFMEKRLHQTHRLKESVAPVLSVLTECARMHRPARKFLKAQVLPPLRDVRTRPEVGELLRNKLVRLMTHLDTDVKRVAAEFLFVLCSESVPRFIKYTGYGNAAGLLAARGLMAGGRPEGQYSEDEDTDTDEYKEAKASINPVTGRVEEKPPNPMEGMTEEQKEHEAMKLVNMFDKLSRHRVIQPMGMSPRGQLTSLQDAMCETMEGQLSSDPDSDPD
P61769,MSRSVALAVLALLSLSGLEAIQRTPKIQVYSRHPAENGKSNFLNCYVSGFHPSDIEVDLLKNGERIEKVEHSDLSFSKDWSFYLLYYTEFTPTEKDEYACRVNHVTLSQPKIVKWDRDM
Q9BY41,MEEPEEPADSGQSLVPVYIYSPEYVSMCDSLAKIPKRASMVHSLIEAYALHKQMRIVKPKVASMEEMATFHTDAYLQHLQKVSQEGDDDHPDSIEYGLGYDCPATEGIFDYAAAIGGATITAAQCLIDGMCKVAINWSGGWHHAKKDEASGFCYLNDAVLGILRLRRKFERILYVDLDLHHGDGVEDAFSFTSKVMTVSLHKFSPGFFPGTGDVSDVGLGKGRYYSVNVPIQDGIQDEKYYQICESVLKEVYQAFNPKAVVLQLGADTIAGDPMCSFNMTPVGIGKCLKYILQWQLATLILGGGGYNLANTARCWTYLTGVILGKTLSSEIPDHEFFTAYGPDYVLEITPSCRPDRNEPHRIQQILNYIKGNLKHVV
P04164,QADGAKIYAQCAGCHQQNGQGIPGAFPPLAGHVAEILAKEGGREYLILVLLYGLQGQIEVKGMKYNGVMSSFAQLKDEEIAAVLNHIATAWGDAKKVKGFKPFTAEEVKKLRAKKLTPQQVLAERKKLGLK
P48842,MFASLLLAALPLLTHAALTYRGADISSLLLLEDEGYSYKNLNGQTQALETILADAGINSIRQRVWVNPSDGSYDLDYNLELAKRVKAAGMSLYLDLHLSDTWADPSDQTTPSGWSTTDLGTLKWQLYNYTLEVCNTFAENDIDIEIISIGNEIRAGLLWPLGETSSYSNIGALLHSGAWGVKDSNLATTPKIMIHLDDGWSWDQQNYFYETVLATGELLSTDFDYFGVSYYPFYSASATLASLKTSLANLQSTYDKPVVVVETNWPVSCPNPAYAFPSDLSSIPFSVAGQQEFLEKLAAVVEATTDGLGVYYWEPAWIGNAGLGSSCADNLMVDYTTDEVYESIETLGEL
P14756,MKKVSTLDLLFVAIMGVSPAAFAADLIDVSKLPSKAAQGAPGPVTLQAAVGAGGADELKAIRSTTLPNGKQVTRYEQFHNGVRVVGEAITEVKGPGKSVAAQRSGHFVANIAADLPGSTTAAVSAEQVLAQAKSLKAQGRKTENDKVELVIRLGENNIAQLVYNVSYLIPGEGLSRPHFVIDAKTGEVLDQWEGLAHAEAGGPGGNQKIGKYTYGSDYGPLIVNDRCEMDDGNVITVDMNSSTDDSKTTPFRFACPTNTYKQVNGAYSPLNDAHFFGGVVFKLYRDWFGTSPLTHKLYMKVHYGRSVENAYWDGTAMLFGDGATMFYPLVSLDVAAHEVSHGFTEQNSGLIYRGQSGGMNEAFSDMAGEAAEFYMRGKNDFLIGYDIKKGSGALRYMDQPSRDGRSIDNASQYYNGIDVHHSSGVYNRAFYLLANSPGWDTRKAFEVFVDANRYYWTATSNYNSGACGVIRSAQNRNYSAADVTRAFSTVGVTCPSAL
P0A115,MLTEGISIQSYDGHTFGALVGSPAKAPAPVIVIAQEIFGVNAFMRETVSWLVDQGYAAVCPDLYARQAPGTALDPQDERQREQAYKLWQAFDMEAGVGDLEAAIRYARHQPYSNGKVGLVGYCLGGALAFLVAAKGYVDRAVGYYGVGLEKQLKKVPEVKHPALFHMGGQDHFVPAPSRQLITEGFGANPLLQVHWYEEAGHSFARTSSSGYVASAAALANERRLDFLAPLQSKKP
P22364,MISATKIRSCLAACVLAAFGATGALADKATIPSESPFAAAEVADGAIVVDIAKMKYETPELHVKVGDTVTWINREAMPHNVHFVAGVLGEAALKGPMMKKEQAYSLTFTEAGTYDYHCTPHPFMRGKVVVE
D4Z2G1,MSLGAKPFGEKKFIEIKGRRMAYIDEGTGDPILFQHGNPTSSYLWRNIMPHCAGLGRLIACDLIGMGDSDKLDPSGPERYAYAEHRDYLDALWEALDLGDRVVLVVHDWGSALGFDWARRHRERVQGIAYMEAIAMPIEWADFPEQDRDLFQAFRSQAGEELVLQDNVFVEQVLPGLILRPLSEAEMAAYREPFLAAGEARRPTLSWPRQIPIAGTPADVVAIARDYAGWLSESPIPKLFINAEPGALTTGRMRDFCRTWPNQTEITVAGAHFIQEDSPDEIGAAIAAFVRRLRPA
Q9ZEU2,MLTPTQQVGLILQYLKTRILDIYTPEQRAGIEKSEDWRQFSRRMDTHFPKLMNELDSVYGNNEALLPMLEMLLAQAWQSYSQRNSSLKDIDIARENNPDWILSNKQVGGVCYVDLFAGDLKGLKDKIPYFQELGLTYLHLMPLFKCPEGKSDGGYAVSSYRDVNPALGTIGDLREVIAALHEAGISAVVDFIFNHTSNEHEWAQRCAAGDPLFDNFYYIFPDRRMPDQYDRTLREIFPDQHPGGFSQLEDGRWVWTTFNSFQWDLNYSNPWVFRAMAGEMLFLANLGVDILRMDAVAFIWKQMGTSCENLPQAHALIRAFNAVMRIAAPAVFFKSEAIVHPDQVVQYIGQDECQIGYNPLQMALLWNTLATREVNLLHQALTYRHNLPEHTAWVNYVRSHDDIGWTFADEDAAYLGISGYDHRQFLNRFFVNRFDGSFARGVPFQYNPSTGDCRVSGTAAALVGLAQDDPHAVDRIKLLYSIALSTGGLPLIYLGDEVGTLNDDDWSQDSNKSDDSRWAHRPRYNEALYAQRNDPSTAAGQIYQGLRHMIAVRQSNPRFDGGRLVTFNTNNKHIIGYIRNNALLAFGNFSEYPQTVTAHTLQAMPFKAHDLIGGKTVSLNQDLTLQPYQVMWLEIA
Q02307,MKKNLVKSLAIASAVISIYSIVNIVSPTNVIAKEISNTVSNEMSKKASYDNVDTLIEKGRYNTKYNYLKRMEKYYPNAMAYFDKVTINPQGNDFYINNPKVELDGEPSMNYLEDVYVGKALLTNDTQQEQKLKSQSFTCKNTDTVTATTTHTVGTSIQATAKFTVPFNETGVSLTTSYSFANTNTNTNSKEITHNVPSQDILVPANTTVEVIAYLKKVNVKGNVKLVGQVSGSEWGEIPSYLAFPRDGYKFSLSDTVNKSDLNEDGTININGKGNYSAVMGDELIVKVRNLNTNNVQEYVIPVDKKEKSNDSNIVKYRSLYIKAPGIK
P06996,MKVKVLSLLVPALLVAGAANAAEVYNKDGNKLDLYGKVDGLHYFSDNKDVDGDQTYMRLGFKGETQVTDQLTGYGQWEYQIQGNSAENENNSWTRVAFAGLKFQDVGSFDYGRNYGVVYDVTSWTDVLPEFGGDTYGSDNFMQQRGNGFATYRNTDFFGLVDGLNFAVQYQGKNGNPSGEGFTSGVTNNGRDALRQNGDGVGGSITYDYEGFGIGGAISSSKRTDAQNTAAYIGNGDRAETYTGGLKYDANNIYLAAQYTQTYNATRVGSLGWANKAQNFEAVAQYQFDFGLRPSLAYLQSKGKNLGRGYDDEDILKYVDVGATYYFNKNMSTYVDYKINLLDDNQFTRDAGINTDNIVALGLVYQF
P02649,MKVLWAALLVTFLAGCQAKVEQAVETEPEPELRQQTEWQSGQRWELALGRFWDYLRWVQTLSEQVQEELLSSQVTQELRALMDETMKELKAYKSELEEQLTPVAEETRARLSKELQAAQARLGADMEDVCGRLVQYRGEVQAMLGQSTEELRVRLASHLRKLRKRLLRDADDLQKRLAVYQAGAREGAERGLSAIRERLGPLVEQGRVRAATVGSLAGQPLQERAQAWGERLRARMEEMGSRTRDRLDEVKEQVAEVRAKLEEQAQQIRLQAEAFQARLKSWFEPLVEDMQRQWAGLVEKVQAAVGTSAAPVPSDNH
P51858,MSRSNRQKEYKCGDLVFAKMKGYPHWPARIDEMPEAAVKSTANKYQVFFFGTHETAFLGPKDLFPYEESKEKFGKPNKRKGFSEGLWEIENNPTVKASGYQSSQKKSCVEEPEPEPEAAEGDGDKKGNAEGSSDEEGKLVIDEPAKEKNEKGALKRRAGDLLEDSPKRPKEAENPEGEEKEAATLEVERPLPMEVEKNSTPSEPGSGRGPPQEEEEEEDEEEEATKEDAEAPGIRDHESL
P60953,MQTIKCVVVGDGAVGKTCLLISYTTNKFPSEYVPTVFDNYAVTVMIGGEPYTLGLFDTAGQEDYDRLRPLSYPQTDVFLVCFSVVSPSSFENVKEKWVPEITHHCPKTPFLLVGTQIDLRDDPSTIEKLAKNKQKPITPETAEKLARDLKAVKYVECSALTQKGLKNVFDEAILAALEPPEPKKSRRCVLL
P0C2S3,MVSFKAGINLGGWISQYQVFSKEHFDTFITEKDIETIAEAGFDHVRLPFDYPIIESDDNVGEYKEDGLSYIDRCLEWCKKYNLGLVLDMHHAPGYRFQDFKTSTLFEDPNQQKRFVDIWRFLAKRYINEREHIAFELLNEVVEPDSTRWNKLMLEYIKAIREIDSTMWLYIGGNNYNSPDELKNLADIDDDYIVYNFHFYNPFFFTHQKAHWSESAMAYNRTVKYPGQYEGIEEFVKNNPKYSFMMELNNLKLNKELLRKDLKPAIEFREKKKCKLYCGEFGVIAIADLESRIKWHEDYISLLEEYDIGGAVWNYKKMDFEIYNEDRKPVSQELVNILARRKT
P23540,FDSFWFVQQWPPAVCSFQKSGSCPGSGLRTFTIHGLWPQGSGTSLTNCPQGSPFDITKISHLQSQLNTLWPNVLRANNQQFWSHEWTKHGTCSESTFNQAAYFKLAVDMRNNYDIIGALRPHAAGPNGRTKSRQAIKGFLKAKFGKFPGLRCRTDPQTKVSYLVQVVACFAQDGSTLIDCTRDTCGANFIF
P07845,ALAGTIIAGASLTFQVLDKVLEELGKVSRKIAVGIDNESGGTWTALNAYFRSGTTDVILPEFVPNTKALLYSGRKDTGPVATGAVAAFAYYMSSGNTLGVMFSVPFDYNWYSNWWDVKIYSGKRRADQGMYEDLYYGNPYRGDNGWHEKNLGYGLRMKGIMTSAGEAKMQIKISR
P18429,MFKFKKNFLVGLSAALMSISLFSATASAASTDYWQNWTDGGGIVNAVNGSGGNYSVNWSNTGNFVVGKGWTTGSPFRTINYNAGVWAPNGNGYLTLYGWTRSPLIEYYVVDSWGTYRPTGTYKGTVKSDGGTYDIYTTTRYNAPSIDGDRTTFTQYWSVRQSKRPTGSNATITFSNHVNAWKSHGMNLGSNWAYQVMATEGYQSSGSSNVTVW
P04578,MRVKEKYQHLWRWGWRWGTMLLGMLMICSATEKLWVTVYYGVPVWKEATTTLFCASDAKAYDTEVHNVWATHACVPTDPNPQEVVLVNVTENFNMWKNDMVEQMHEDIISLWDQSLKPCVKLTPLCVSLKCTDLKNDTNTNSSSGRMIMEKGEIKNCSFNISTSIRGKVQKEYAFFYKLDIIPIDNDTTSYKLTSCNTSVITQACPKVSFEPIPIHYCAPAGFAILKCNNKTFNGTGPCTNVSTVQCTHGIRPVVSTQLLLNGSLAEEEVVIRSVNFTDNAKTIIVQLNTSVEINCTRPNNNTRKRIRIQRGPGRAFVTIGKIGNMRQAHCNISRAKWNNTLKQIASKLREQFGNNKTIIFKQSSGGDPEIVTHSFNCGGEFFYCNSTQLFNSTWFNSTWSTEGSNNTEGSDTITLPCRIKQIINMWQKVGKAMYAPPISGQIRCSSNITGLLLTRDGGNSNNESEIFRPGGGDMRDNWRSELYKYKVVKIEPLGVAPTKAKRRVVQREKRAVGIGALFLGFLGAAGSTMGAASMTLTVQARQLLSGIVQQQNNLLRAIEAQQHLLQLTVWGIKQLQARILAVERYLKDQQLLGIWGCSGKLICTTAVPWNASWSNKSLEQIWNHTTWMEWDREINNYTSLIHSLIEESQNQQEKNEQELLELDKWASLWNWFNITNWLWYIKLFIMIVGGLVGLRIVFAVLSIVNRVRQGYSPLSFQTHLPTPRGPDRPEGIEEEGGERDRDRSIRLVNGSLALIWDDLRSLCLFSYHRLRDLLLIVTRIVELLGRRGWEALKYWWNLLQYWSQELKNSAVSLLNATAIAVAEGTDRVIEVVQGACRAIRHIPRRIRQGLERILL
P02522,MASDHQTQAGKPQPLNPKIIIFEQENFQGHSHELNGPCPNLKETGVEKAGSVLVQAGPWVGYEQANCKGEQFVFEKGEYPRWDSWTSSRRTDSLSSLRPIKVDSQEHKITLYENPNFTGKKMEVIDDDVPSFHAHGYQEKVSSVRVQSGTWVGYQYPGYRGLQYLLEKGDYKDSGDFGAPQPQVQSVRRIRDMQWHQRGAFHPSS
P19515,MVLKQRANYLGFLIVFFTAFLVEAVPIKRQSNSTVDSLPPLIPSRTSAPSSSPSTTDPEAPAMSRNGPLPSDVETKYGMALNATSYPDSVVQAMSIDGGIRAATSQEINELTYYTTLSANSYCRTVIPGATWDCIHCDATEDLKIIKTWSTLIYDTNAMVARGDSEKTIYIVFRGSSSIRNWIADLTFVPVSYPPVSGTKVHKGFLDSYGEVQNELVATVLDQFKQYPSYKVAVTGHSLGGATALLCALDLYQREEGLSSSNLFLYTQGQPRVGDPAFANYVVSTGIPYRRTVNERDIVPHLPPAAFGFLHAGEEYWITDNSPETVQVCTSDLETSDCSNSIVPFTSVLDHLSYFGINTGLCT
A4QUT2,MHASLSSWLLAASLLTQPISVSGQGCPFAKRDGTVDSSLPQKRADAPETTTFGRCAVKSNQAGGGTRSHDWWPCQLRLDVLRQFQPSQNPLGGDFDYAEAFQSLDYEAVKKDIAALMTESQDWWPADFGNYGGLFVRMAWHSAGTYRAMDGRGGGGMGQQRFAPLNSWPDNQNLDKARRLIWPIKQKYGNKISWADLMLLTGNVALENMGFKTLGFGGGRADTWQSDEAVYWGAETTFVPQGNDVRYNNSVDINARADKLEKPLAATHMGLIYVNPEGPNGTPDPAASAKDIREAFGRMGMNDTETVALIAGGHAFGKTHGAVKGSNIGPAPEAADLGMQGLGWHNSVGDGNGPNQMTSGLEVIWTKTPTKWSNGYLESLINNNWTLVESPAGAHQWEAVNGTVDYPDPFDKTKFRKATMLTSDLALINDPEYLKISQRWLEHPEELADAFAKAWFKLLHRDLGPTTRYLGPEVPKESFIWQDPLPAREGDLIDDADVDKLKAAILSTDGLDVSKLASTAMACATTYRNSDKRGGCNGARIALEPQRNWVSNNPTQLSAVLDALKKVQSDFNGSNGNKKVSLADLIVLGGTAAVEKAAKDAGVDIKVPFSAGRVDATQEQTDVTQFSYLEPQADGFRNYGRGTARARTEEIMVDKASQLTLTPPELTVLVGGMRALGANYDGSDVGVFTANKGKLTPDFFVNLVDMNIAWTASGADGESWVGTDRKSRSEKYKGSRADLVFGSHAELRAIAEVYAENGNQEKFVKDFVAAWTKVMNLDRFDLKVKK
O75365,MARMNRPAPVEVSYKHMRFLITHNPTNATLSTFIEDLKKYGATTVVRVCEVTYDKTPLEKDGITVVDWPFDDGAPPPGKVVEDWLSLVKAKFCEAPGSCVAVHCVAGLGRAPVLVALALIESGMKYEDAIQFIRQKRRGAINSKQLTYLEKYRPKQRLRFKDPHTHKTRCCVM
P74367,MSFLKNQLSRLLALILVVAIGLTACDSGTGLTGNYSQDTLTVIATLREAIDLPQDAPNRQEVQDTARGQINDYISRYRRKGDAGGLKSFTTMQTALNSLAGYYTSYGARPIPEKLKKRLQLEFTQAERSIERGV
P37231,MGETLGDSPIDPESDSFTDTLSANISQEMTMVDTEMPFWPTNFGISSVDLSVMEDHSHSFDIKPFTTVDFSSISTPHYEDIPFTRTDPVVADYKYDLKLQEYQSAIKVEPASPPYYSEKTQLYNKPHEEPSNSLMAIECRVCGDKASGFHYGVHACEGCKGFFRRTIRLKLIYDRCDLNCRIHKKSRNKCQYCRFQKCLAVGMSHNAIRFGRMPQAEKEKLLAEISSDIDQLNPESADLRALAKHLYDSYIKSFPLTKAKARAILTGKTTDKSPFVIYDMNSLMMGEDKIKFKHITPLQEQSKEVAIRIFQGCQFRSVEAVQEITEYAKSIPGFVNLDLNDQVTLLKYGVHEIIYTMLASLMNKDGVLISEGQGFMTREFLKSLRKPFGDFMEPKFEFAVKFNALELDDSDLAIFIAVIILSGDRPGLLNVKPIEDIQDNLLQALELQLKLNHPESSQLFAKLLQKMTDLRQIVTEHVQLLQVIKKTETDMSLHPLLQEIYKDLY
P01236,MNIKGSPWKGSLLLLLVSNLLLCQSVAPLPICPGGAARCQVTLRDLFDRAVVLSHYIHNLSSEMFSEFDKRYTHGRGFITKAINSCHTSSLATPEDKEQAQQMNQKDFLSLIVSILRSWNEPLYHLVTEVRGMQEAPEAILSKAVEIEEQTKRLLEGMELIVSQVHPETKENEIYPVWSGLPSLQMADEESRLSAYYNLLHCLRRDSHKIDNYLKLLKCRIIHNNNC
P11309,MLLSKINSLAHLRAAPCNDLHATKLAPGKEKEPLESQYQVGPLLGSGGFGSVYSGIRVSDNLPVAIKHVEKDRISDWGELPNGTRVPMEVVLLKKVSSGFSGVIRLLDWFERPDSFVLILERPEPVQDLFDFITERGALQEELARSFFWQVLEAVRHCHNCGVLHRDIKDENILIDLNRGELKLIDFGSGALLKDTVYTDFDGTRVYSPPEWIRYHRYHGRSAAVWSLGILLYDMVCGDIPFEHDEEIIRGQVFFRQRVSSECQHLIRWCLALRPSDRPTFEEIQNHPWMQDVLLPQETAEIHLHSLSPGPSK
P49638,MAEARSQPSAGPQLNALPDHSPLLQPGLAALRRRAREAGVPLAPLPLTDSFLLRFLRARDFDLDLAWRLLKNYYKWRAECPEISADLHPRSIIGLLKAGYHGVLRSRDPTGSKVLIYRIAHWDPKVFTAYDVFRVSLITSELIVQEVETQRNGIKAIFDLEGWQFSHAFQITPSVAKKIAAVLTDSFPLKVRGIHLINEPVIFHAVFSMIKPFLTEKIKERIHMHGNNYKQSLLQHFPDILPLEYGGEEFSMEDICQEWTNFIMKSEDYLSSISESIQ
P78352,MDCLCIVTTKKYRYQDEDTPPLEHSPAHLPNQANSPPVIVNTDTLEAPGYELQVNGTEGEMEYEEITLERGNSGLGFSIAGGTDNPHIGDDPSIFITKIIPGGAAAQDGRLRVNDSILFVNEVDVREVTHSAAVEALKEAGSIVRLYVMRRKPPAEKVMEIKLIKGPKGLGFSIAGGVGNQHIPGDNSIYVTKIIEGGAAHKDGRLQIGDKILAVNSVGLEDVMHEDAVAALKNTYDVVYLKVAKPSNAYLSDSYAPPDITTSYSQHLDNEISHSSYLGTDYPTAMTPTSPRRYSPVAKDLLGEEDIPREPRRIVIHRGSTGLGFNIVGGEDGEGIFISFILAGGPADLSGELRKGDQILSVNGVDLRNASHEQAAIALKNAGQTVTIIAQYKPEEYSRFEAKIHDLREQLMNSSLGSGTASLRSNPKRGFYIRALFDYDKTKDCGFLSQALSFRFGDVLHVIDASDEEWWQARRVHSDSETDDIGFIPSKRRVERREWSRLKAKDWGSSSGSQGREDSVLSYETVTQMEVHYARPIIILGPTKDRANDDLLSEFPDKFGSCVPHTTRPKREYEIDGRDYHFVSSREKMEKDIQAHKFIEAGQYNSHLYGTSVQSVREVAEQGKHCILDVSANAVRRLQAAHLHPIAIFIRPRSLENVLEINKRITEEQARKAFDRATKLEQEFTECFSAIVEGDSFEEIYHKVKRVIEDLSGPYIWVPARERL
Q8NBP7,MGTVSSRRSWWPLPLLLLLLLLLGPAGARAQEDEDGDYEELVLALRSEEDGLAEAPEHGTTATFHRCAKDPWRLPGTYVVVLKEETHLSQSERTARRLQAQAARRGYLTKILHVFHGLLPGFLVKMSGDLLELALKLPHVDYIEEDSSVFAQSIPWNLERITPPRYRADEYQPPDGGSLVEVYLLDTSIQSDHREIEGRVMVTDFENVPEEDGTRFHRQASKCDSHGTHLAGVVSGRDAGVAKGASMRSLRVLNCQGKGTVSGTLIGLEFIRKSQLVQPVGPLVVLLPLAGGYSRVLNAACQRLARAGVVLVTAAGNFRDDACLYSPASAPEVITVGATNAQDQPVTLGTLGTNFGRCVDLFAPGEDIIGASSDCSTCFVSQSGTSQAAAHVAGIAAMMLSAEPELTLAELRQRLIHFSAKDVINEAWFPEDQRVLTPNLVAALPPSTHGAGWQLFCRTVWSAHSGPTRMATAVARCAPDEELLSCSSFSRSGKRRGERMEAQGGKLVCRAHNAFGGEGVYAIARCCLLPQANCSVHTAPPAEASMGTRVHCHQQGHVLTGCSSHWEVEDLGTHKPPVLRPRGQPNQCVGHREASIHASCCHAPGLECKVKEHGIPAPQEQVTVACEEGWTLTGCSALPGTSHVLGAYAVDNTCVVRSRDVSTTGSTSEGAVTAVAICCRSRHLAQASQELQ
P26882,MSHPSPQAKPSNPSNPRVFFDVDIGGERVGRIVLELFADIVPKTAENFRALCTGEKGIGPTTGKPLHFKGCPFHRIIKKFMIQGGDFSNQNGTGGESIYGEKFEDENFHYKHDKEGLLSMANAGSNTNGSQFFITTVPTPHLDGKHVVFGQVIKGMGVAKILENVEVKGEKPAKLCVIAECGELKEGDDWGIFPKDGSGDSHPDFPEDADVDLKDVDKILLISEDLKNIGNTFFKSQNWEMAIKKYTKVLRYVEGSRAAAEDADGAKLQPVALSCVLNIGACKLKMSDWQGAVDSCLEALEIDPSNTKALYRRAQGWQGLKEYDQALADLKKAQEIAPEDKAIQAELLKVKQKIKAQKDKEKAAYAKMFA
P02689,MSNKFLGTWKLVSSENFDDYMKALGVGLATRKLGNLAKPTVIISKKGDIITIRTESTFKNTEISFKLGQEFEETTADNRKTKSIVTLQRGSLNQVQRWDGKETTIKRKLVNGKMVAECKMKGVVCTRIYEKV
P04150,MDSKESLTPGREENPSSVLAQERGDVMDFYKTLRGGATVKVSASSPSLAVASQSDSKQRRLLVDFPKGSVSNAQQPDLSKAVSLSMGLYMGETETKVMGNDLGFPQQGQISLSSGETDLKLLEESIANLNRSTSVPENPKSSASTAVSAAPTEKEFPKTHSDVSSEQQHLKGQTGTNGGNVKLYTTDQSTFDILQDLEFSSGSPGKETNESPWRSDLLIDENCLLSPLAGEDDSFLLEGNSNEDCKPLILPDTKPKIKDNGDLVLSSPSNVTLPQVKTEKEDFIELCTPGVIKQEKLGTVYCQASFPGANIIGNKMSAISVHGVSTSGGQMYHYDMNTASLSQQQDQKPIFNVIPPIPVGSENWNRCQGSGDDNLTSLGTLNFPGRTVFSNGYSSPSMRPDVSSPPSSSSTATTGPPPKLCLVCSDEASGCHYGVLTCGSCKVFFKRAVEGQHNYLCAGRNDCIIDKIRRKNCPACRYRKCLQAGMNLEARKTKKKIKGIQQATTGVSQETSENPGNKTIVPATLPQLTPTLVSLLEVIEPEVLYAGYDSSVPDSTWRIMTTLNMLGGRQVIAAVKWAKAIPGFRNLHLDDQMTLLQYSWMFLMAFALGWRSYRQSSANLLCFAPDLIINEQRMTLPCMYDQCKHMLYVSSELHRLQVSYEEYLCMKTLLLLSSVPKDGLKSQELFDEIRMTYIKELGKAIVKREGNSSQNWQRFYQLTKLLDSMHEVVENLLNYCFQTFLDKTMSIEFPEMLAEIITNQIPKYSNGNIKKLLFHQK
Q99972,MRFFCARCCSFGPEMPAVQLLLLACLVWDVGARTAQLRKANDQSGRCQYTFSVASPNESSCPEQSQAMSVIHNLQRDSSTQRLDLEATKARLSSLESLLHQLTLDQAARPQETQEGLQRELGTLRRERDQLETQTRELETAYSNLLRDKSVLEEEKKRLRQENENLARRLESSSQEVARLRRGQCPQTRDTARAVPPGSREVSTWNLDTLAFQELKSELTEVPASRILKESPSGYLRSGEGDTGCGELVWVGEPLTLRTAETITGKYGVWMRDPKPTYPYTQETTWRIDTVGTDVRQVFEYDLISQFMQGYPSKVHILPRPLESTGAVVYSGSLYFQGAESRTVIRYELNTETVKAEKEIPGAGYHGQFPYSWGGYTDIDLAVDEAGLWVIYSTDEAKGAIVLSKLNPENLELEQTWETNIRKQSVANAFIICGTLYTVSSYTSADATVNFAYDTGTGISKTLTIPFKNRYKYSSMIDYNPLEKKLFAWDNLNMVTYDIKLSKM
P81662,SELAGTIIDGASLTFEVLDKVLGELGKVSRKIAVGIDNESGGTWTALNAYFRSGTTDVILPEVVPNTKALLYSGRKSSGPVATGAVAAFAYYMSNGNTLGVMFSVPFDYNWYSNWWDVKIYPGKRRADQGMYEDMYYGNPYRGDNGWYQKNLGYGLRMKGIMTSAGEAKMQIKISR
P16304,MNLVLMGLPGAGKGTQGERIVEDYGIPHISTGDMFRAAMKEETPLGLEAKSYIDKGELVPDEVTIGIVKERLGKDDCERGFLLDGFPRTVAQAEALEEILEEYGKPIDYVINIEVDKDVLMERLTGRRICSVCGTTYHLVFNPPKTPGICDKDGGELYQRADDNEETVSKRLEVNMKQTQPLLDFYSEKGYLANVNGQQDIQDVYADVKDLLGGLKK
P69776,MKATKLVLGAVILGSTLLAGCSSNAKIDQLSSDVQTLNAKVDQLSNDVNAMRSDVQAAKDDAARANQRLDNMATKYRK
P69168,MKKLLFAIPLVVPFYSHSAETVESCLAKPHTENSFTNVWKDDKTLDRYANYEGCLWNATGVVVCTGDETQCYGTWVPIGLAIPENEGGGSEGGGSEGGGSEGGGTKPPEYGDTPIPGYTYINPLDGTYPPGTEQNPANPNPSLEESQPLNTFMFQNNRFRNRQGALTVYTGTVTQGTDPVKTYYQYTPVSSKAMYDAYWNGKFRDCAFHSGFNEDPFVCEYQGQSSDLPQPPVNAGGGSGGGSGGGSEGGGSEGGGSEGGGSEGGGSGGGSGSGDFDYEKMANANKGAMTENADENALQSDAKGKLDSVATDYGAAIDGFIGDVSGLANGNGATGDFAGSNSQMAQVGDGDNSPLMNNFRQYLPSLPQSVECRPFVFSAGKPYEFSIDCDKINLFRGVFAFLLYVATFMYVFSTFANILRNKES
P03661,MKKLLFAIPLVVPFYSHSAETVESCLAKPHTENSFTNVWKDDKTLDRYANYEGCLWNATGVVVCTGDETQCYGTWVPIGLAIPENEGGGSEGGGSEGGGSEGGGTKPPEYGDTPIPGYTYINPLDGTYPPGTEQNPANPNPSLEESQPLNTFMFQNNRFRNRQGALTVYTGTVTQGTDPVKTYYQYTPVSSKAMYDAYWNGKFRDCAFHSGFNEDPFVCEYQGQSSDLPQPPVNAGGGSGGGSGGGSEGGGSEGGGSEGGGSEGGGSGGGSGSGDFDYEKMANANKGAMTENADENALQSDAKGKLDSVATDYGAAIDGFIGDVSGLANGNGATGDFAGSNSQMAQVGDGDNSPLMNNFRQYLPSLPQSVECRPYVFGAGKPYEFSIDCDKINLFRGVFAFLLYVATFMYVFSTFANILRNKES
O95571,MAEAVLRVARRQLSQRGGSGAPILLRQMFEPVSCTFTYLLGDRESREAVLIDPVLETAPRDAQLIKELGLRLLYAVNTHCHADHITGSGLLRSLLPGCQSVISRLSGAQADLHIEDGDSIRFGRFALETRASPGHTPGCVTFVLNDHSMAFTGDALLIRGCGRTDFQQGCAKTLYHSVHEKIFTLPGDCLIYPAHDYHGFTVSTVEEERTLNPRLTLSCEEFVKIMGNLNLPKPQQIDFAVPANMRCGVQTPTA
P25440,MLQNVTPHNKLPGEGNAGLLGLGPEAAAPGKRIRKPSLLYEGFESPTMASVPALQLTPANPPPPEVSNPKKPGRVTNQLQYLHKVVMKALWKHQFAWPFRQPVDAVKLGLPDYHKIIKQPMDMGTIKRRLENNYYWAASECMQDFNTMFTNCYIYNKPTDDIVLMAQTLEKIFLQKVASMPQEEQELVVTIPKNSHKKGAKLAALQGSVTSAHQVPAVSSVSHTALYTPPPEIPTTVLNIPHPSVISSPLLKSLHSAGPPLLAVTAAPPAQPLAKKKGVKRKADTTTPTPTAILAPGSPASPPGSLEPKAARLPPMRRESGRPIKPPRKDLPDSQQQHQSSKKGKLSEQLKHCNGILKELLSKKHAAYAWPFYKPVDASALGLHDYHDIIKHPMDLSTVKRKMENRDYRDAQEFAADVRLMFSNCYKYNPPDHDVVAMARKLQDVFEFRYAKMPDEPLEPGPLPVSTAMPPGLAKSSSESSSEESSSESSSEEEEEEDEEDEEEEESESSDSEEERAHRLAELQEQLRAVHEQLAALSQGPISKPKRKREKKEKKKKRKAEKHRGRAGADEDDKGPRAPRPPQPKKSKKASGSGGGSAALGPSGFGPSGGSGTKLPKKATKTAPPALPTGYDSEEEEESRPMSYDEKRQLSLDINKLPGEKLGRVVHIIQAREPSLRDSNPEEIEIDFETLKPSTLRELERYVLSCLRKKPRKPYTIKKPVGKTKEELALEKKRELEKRLQDVSGQLNSTKKPPKKANEKTESSSAQQVAVSRLSASSSSSDSSSSSSSSSSSDTSDSDSG
Q15059,MSTATTVAPAGIPATPGPVNPPPPEVSNPSKPGRKTNQLQYMQNVVVKTLWKHQFAWPFYQPVDAIKLNLPDYHKIIKNPMDMGTIKKRLENNYYWSASECMQDFNTMFTNCYIYNKPTDDIVLMAQALEKIFLQKVAQMPQEEVELLPPAPKGKGRKPAAGAQSAGTQQVAAVSSVSPATPFQSVPPTVSQTPVIAATPVPTITANVTSVPVPPAAAPPPPATPIVPVVPPTPPVVKKKGVKRKADTTTPTTSAITASRSESPPPLSDPKQAKVVARRESGGRPIKPPKKDLEDGEVPQHAGKKGKLSEHLRYCDSILREMLSKKHAAYAWPFYKPVDAEALELHDYHDIIKHPMDLSTVKRKMDGREYPDAQGFAADVRLMFSNCYKYNPPDHEVVAMARKLQDVFEMRFAKMPDEPVEAPALPAPAAPMVSKGAESSRSSEESSSDSGSSDSEEERATRLAELQEQLKAVHEQLAALSQAPVNKPKKKKEKKEKEKKKKDKEKEKEKHKVKAEEEKKAKVAPPAKQAQQKKAPAKKANSTTTAGRQLKKGGKQASASYDSEEEEEGLPMSYDEKRQLSLDINRLPGEKLGRVVHIIQSREPSLRDSNPDEIEIDFETLKPTTLRELERYVKSCLQKKQRKPFSASGKKQAAKSKEELAQEKKKELEKRLQDVSGQLSSSKKPARKEKPGSAPSGGPSRLSSSSSSESGSSSSSGSSSDSSDSE
P31645,METTPLNSQKQLSACEDGEDCQENGVLQKVVPTPGDKVESGQISNGYSAVPSPGAGDDTRHSIPATTTTLVAELHQGERETWGKKVDFLLSVIGYAVDLGNVWRFPYICYQNGGGAFLLPYTIMAIFGGIPLFYMELALGQYHRNGCISIWRKICPIFKGIGYAICIIAFYIASYYNTIMAWALYYLISSFTDQLPWTSCKNSWNTGNCTNYFSEDNITWTLHSTSPAEEFYTRHVLQIHRSKGLQDLGGISWQLALCIMLIFTVIYFSIWKGVKTSGKVVWVTATFPYIILSVLLVRGATLPGAWRGVLFYLKPNWQKLLETGVWIDAAAQIFFSLGPGFGVLLAFASYNKFNNNCYQDALVTSVVNCMTSFVSGFVIFTVLGYMAEMRNEDVSEVAKDAGPSLLFITYAEAIANMPASTFFAIIFFLMLITLGLDSTFAGLEGVITAVLDEFPHVWAKRRERFVLAVVITCFFGSLVTLTFGGAYVVKLLEEYATGPAVLTVALIEAVAVSWFYGITQFCRDVKEMLGFSPGWFWRICWVAISPLFLLFIICSFLMSPPQLRLFQYNYPYWSIILGYCIGTSSFICIPTYIAYRLIITPGTFKERIIKSITPETPTEIPCGDIRLNAV
Q9ZAG3,MTSKIEQPRWASKDSAAGAASTPDEKIVLEFMDALTSNDAAKLIEYFAEDTMYQNMPLPPAYGRDAVEQTLAGLFTVMSIDAVETFHIGSSNGLVYTERVDVLRALPTGKSYNLSILGVFQLTEGKITGWRDYFDLREFEEAVDLPLRG
O00189,MISQFFILSSKGDPLIYKDFRGDSGGRDVAELFYRKLTGLPGDESPVVMHHHGRHFIHIRHSGLYLVVTTSENVSPFSLLELLSRLATLLGDYCGSLGEGTISRNVALVYELLDEVLDYGYVQTTSTEMLRNFIQTEAVVSKPFSLFDLSSVGLFGAETQQSKVAPSSAASRPVLSSRSDQSQKNEVFLDVVERLSVLIASNGSLLKVDVQGEIRLKSFLPSGSEMRIGLTEEFCVGKSELRGYGPGIRVDEVSFHSSVNLDEFESHRILRLQPPQGELTVMRYQLSDDLPSPLPFRLFPSVQWDRGSGRLQVYLKLRCDLLSKSQALNVRLHLPLPRGVVSLSQELSSPEQKAELAEGALRWDLPRVQGGSQLSGLFQMDVPGPPGPPSHGLSTSASPLGLGPASLSFELPRHTCSGLQVRFLRLAFRPCGNANPHKWVRHLSHSDAYVIRI
P22914,MSKTGTKITFYEDKNFQGRRYDCDCDCADFHTYLSRCNSIKVEGGTWAVYERPNFAGYMYILPQGEYPEYQRWMGLNDRLSSCRAVHLPSGGQYKIQIFEKGDFSGQMYETTEDCPSIMEQFHMREIHSCKVLEGVWIFYELPNYRGRQYLLDKKEYRKPIDWGAASPAVQSFRRIVE
P11413,MAEQVALSRTQVCGILREELFQGDAFHQSDTHIFIIMGASGDLAKKKIYPTIWWLFRDGLLPENTFIVGYARSRLTVADIRKQSEPFFKATPEEKLKLEDFFARNSYVAGQYDDAASYQRLNSHMNALHLGSQANRLFYLALPPTVYEAVTKNIHESCMSQIGWNRIIVEKPFGRDLQSSDRLSNHISSLFREDQIYRIDHYLGKEMVQNLMVLRFANRIFGPIWNRDNIACVILTFKEPFGTEGRGGYFDEFGIIRDVMQNHLLQMLCLVAMEKPASTNSDDVRDEKVKVLKCISEVQANNVVLGQYVGNPDGEGEATKGYLDDPTVPRGSTTATFAAVVLYVENERWDGVPFILRCGKALNERKAEVRLQFHDVAGDIFHQQCKRNELVIRVQPNEAVYTKMMTKKPGMFFNPEESELDLTYGNRYKNVKLPDAYERLILDVFCGSQMHFVRSDELREAWRIFTPLLHQIELEKPKPIPYIYGSRGPTEADELMKRVGFQYEGTYKWVNPHKL
P63096,MGCTLSAEDKAAVERSKMIDRNLREDGEKAAREVKLLLLGAGESGKSTIVKQMKIIHEAGYSEEECKQYKAVVYSNTIQSIIAIIRAMGRLKIDFGDSARADDARQLFVLAGAAEEGFMTAELAGVIKRLWKDSGVQACFNRSREYQLNDSAAYYLNDLDRIAQPNYIPTQQDVLRTRVKTTGIVETHFTFKDLHFKMFDVGGQRSERKKWIHCFEGVTAIIFCVALSDYDLVLAEDEEMNRMHESMKLFDSICNNKWFTDTSIILFLNKKDLFEEKIKKSPLTICYPEYAGSNTYEEAAAYIQCQFEDLNKRKDTKEIYTHFTCATDTKNVQFVFDAVTDVIIKNNLKDCGLF
Q8TZE8,MKILLIGMGGTIASVKGENGYEASLSVKEVLDIAGIKDCEDCDFLDLKNVDSTLIQPEDWVDLAETLYKNVKKYDGIIVTHGTDTLAYTSSMISFMLRNPPIPIVFTGSMIPATEENSDAPLNLQTAIKFATSGIRGVYVAFNGKVMLGVRTSKVRTMSRDAFESINYPIIAELRGEDLVVNFIPKFNNGEVTLDLRHDPKVLVIKLIPGLSGDIFRAAVELGYRGIVIEGYGAGGIPYRGSDLLQTIEELSKEIPIVMTTQAMYDGVDLTRYKVGRLALRAGVIPAGDMTKEATVTKLMWILGHTNNVEEIKVLMRKNLVGELRD
P05413,MVDAFLGTWKLVDSKNFDDYMKSLGVGFATRQVASMTKPTTIIEKNGDILTLKTHSTFKNTEISFKLGVEFDETTADDRKVKSIVTLDGGKLVHLQKWDGQETTLVRELIDGKLILTLTHGTAVCTRTYEKEA
P53674,MSQAAKASASATVAVNPGPDTKGKGAPPAGTSPSPGTTLAPTTVPITSAKAAELPPGNYRLVVFELENFQGRRAEFSGECSNLADRGFDRVRSIIVSAGPWVAFEQSNFRGEMFILEKGEYPRWNTWSSSYRSDRLMSFRPIKMDAQEHKISLFEGANFKGNTIEIQGDDAPSLWVYGFSDRVGSVKVSSGTWVGYQYPGYRGYQYLLEPGDFRHWNEWGAFQPQMQSLRRLRDKQWHLEGSFPVLATEPPK
P0A910,MKKTAIAIAVALAGFATVAQAAPKDNTWYTGAKLGWSQYHDTGFINNNGPTHENQLGAGAFGGYQVNPYVGFEMGYDWLGRMPYKGSVENGAYKAQGVQLTAKLGYPITDDLDIYTRLGGMVWRADTKSNVYGKNHDTGVSPVFAGGVEYAITPEIATRLEYQWTNNIGDAHTIGTRPDNGMLSLGVSYRFGQGEAAPVVAPAPAPAPEVQTKHFTLKSDVLFNFNKATLKPEGQAALDQLYSQLSNLDPKDGSVVVLGYTDRIGSDAYNQGLSERRAQSVVDYLISKGIPADKISARGMGESNPVTGNTCDNVKQRAALIDCLAPDRRVEIEVKGIKDVVTQPQA
P62166,MGKSNSKLKPEVVEELTRKTYFTEKEVQQWYKGFIKDCPSGQLDAAGFQKIYKQFFPFGDPTKFATFVFNVFDENKDGRIEFSEFIQALSVTSRGTLDEKLRWAFKLYDLDNDGYITRNEMLDIVDAIYQMVGNTVELPEEENTPEKRVDRIFAMMDKNADGKLTLQEFQEGSKADPSIVQALSLYDGLV
Q9H334,MMQESGTETKSNGSAIQNGSGGSNHLLECGGLREGRSNGETPAVDIGAADLAHAQQQQQQALQVARQLLLQQQQQQQVSGLKSPKRNDKQPALQVPVSVAMMTPQVITPQQMQQILQQQVLSPQQLQVLLQQQQALMLQQQQLQEFYKKQQEQLQLQLLQQQHAGKQPKEQQQVATQQLAFQQQLLQMQQLQQQHLLSLQRQGLLTIQPGQPALPLQPLAQGMIPTELQQLWKEVTSAHTAEETTGNNHSSLDLTTTCVSSSAPSKTSLIMNPHASTNGQLSVHTPKRESLSHEEHPHSHPLYGHGVCKWPGCEAVCEDFQSFLKHLNSEHALDDRSTAQCRVQMQVVQQLELQLAKDKERLQAMMTHLHVKSTEPKAAPQPLNLVSSVTLSKSASEASPQSLPHTPTTPTAPLTPVTQGPSVITTTSMHTVGPIRRRYSDKYNVPISSADIAQNQEFYKNAEVRPPFTYASLIRQAILESPEKQLTLNEIYNWFTRMFAYFRRNAATWKNAVRHNLSLHKCFVRVENVKGAVWTVDEVEFQKRRPQKISGNPSLIKNMQSSHAYCTPLNAALQASMAENSIPLYTTASMGNPTLGNLASAIREELNGAMEHTNSNESDSSPGRSPMQAVHPVHVKEEPLDPEEAEGPLSLVTTANHSPDFDHDRDYEDEPVNEDME
P00593,MRLLVLAALLTVGAGQAGLNSRALWQFNGMIKCKIPSSEPLLDFNNYGCYCGLGGSGTPVDDLDRCCQTHDNCYKQAKKLDSCKVLVDNPYTNNYSYSCSNNEITCSSENNACEAFICNCDRNAAICFSKVPYNKEHKNLDKKNC
P0A825,MLKREMNIADYDAELWQAMEQEKVRQEEHIELIASENYTSPRVMQAQGSQLTNKYAEGYPGKRYYGGCEYVDIVEQLAIDRAKELFGADYANVQPHSGSQANFAVYTALLEPGDTVLGMNLAHGGHLTHGSPVNFSGKLYNIVPYGIDATGHIDYADLEKQAKEHKPKMIIGGFSAYSGVVDWAKMREIADSIGAYLFVDMAHVAGLVAAGVYPNPVPHAHVVTTTTHKTLAGPRGGLILAKGGSEELYKKLNSAVFPGGQGGPLMHVIAGKAVALKEAMEPEFKTYQQQVAKNAKAMVEVFLERGYKVVSGGTDNHLFLVDLVDKNLTGKEADAALGRANITVNKNSVPNDPKSPFVTSGIRVGTPAITRRGFKEAEAKELAGWMCDVLDSINDEAVIERIKGKVLDICARYPVYA
P02754,MKCLLLALALTCGAQALIVTQTMKGLDIQKVAGTWYSLAMAASDISLLDAQSAPLRVYVEELKPTPEGDLEILLQKWENGECAQKKIIAEKTKIPAVFKIDALNENKVLVLDTDYKKYLLFCMENSAEPEQSLACQCLVRTPEVDDEALEKFDKALKALPMHIRLSFNPTQLEEQCHI
P00094,MKISLTAATVAALVLAAPAFAGDAAKGEKEFNKCKTCHSIIAPDGTEIVKGAKTGPNLYGVVGRTAGTYPEFKYKDSIVALGASGFAWTEEDIATYVKDPGAFLKEKLDDKKAKTGMAFKLAKGGEDVAAYLASVVK
P07311,MAEGNTLISVDYEIFGKVQGVFFRKHTQAEGKKLGLVGWVQNTDRGTVQGQLQGPISKVRHMQEWLETRGSPKSHIDKANFNNEKVILKLDYSDFQIVK
P08463,MSKSGVPRLLTASERERLEPFIDQIHYSPRYADDEYEYRHVMLPKAMLKAIPTDYFNPETGTLRILQEEEWRGLGITQSLGWEMYEVHVPEPHILLFKREKDYQMKFSQQRGG
P01584,MAEVPELASEMMAYYSGNEDDLFFEADGPKQMKCSFQDLDLCPLDGGIQLRISDHHYSKGFRQAASVVVAMDKLRKMLVPCPQTFQENDLSTFFPFIFEEEPIFFDTWDNEAYVHDAPVRSLNCTLRDSQQKSLVMSGPYELKALHLQGQDMEQQVVFSMSFVQGEESNDKIPVALGLKEKNLYLSCVLKDDKPTLQLESVDPKNYPKKKMEKRFVFNKIEINNKLEFESAQFPNWYISTSQAENMPVFLGGTKGGQDITDFTMQFVSS
P07740,MKFGNFLLTYQPPELSQTEVMKRLVNLGKASEGCGFDTVWLLEHHFTEFGLLGNPYVAAAHLLGATETLNVGTAAIVLPTAHPVRQAEDVNLLDQMSKGRFRFGICRGLYDKDFRVFGTDMDNSRALMDCWYDLMKEGFNEGYIAADNEHIKFPKIQLNPSAYTQGGAPVYVVAESASTTEWAAERGLPMILSWIINTHEKKAQLDLYNEVATEHGYDVTKIDHCLSYITSVDHDSNRAKDICRNFLGHWYDSYVNATKIFDDSDQTKGYDFNKGQWRDFVLKGHKDTNRRIDYSYEINPVGTPEECIAIIQQDIDATGIDNICCGFEANGSEEEIIASMKLFQSDVMPYLKEKQ
P23370,MRRYEVNIVLNPNLDQSQLALEKEIIQRALENYGARVEKVEELGLRRLAYPIAKDPQGYFLWYQVEMPEDRVNDLARELRIRDNVRRVMVVKSQEPFLANA
P19614,NQASVVANQLIPINTALTLVMMRSEVVTPVGIPAEDIPRLVSMQVNRAVPLGTTLMPDMVKGYPPA
P23176,MSFRSLLALSGLVCSGLANVISKRATLDSWLSNEATVARTAILNNIGADGAWVSGADSGIVVASPSTDNPDYFYTWTRDSGLVIKTLVDLFRNGDTDLLSTIEHYISSQAIIQGVSNPSGDLSSGGLGEPKFNVDETAYTGSWGRPQRDGPALRATAMIGFGQVLLDNGYTSAATEIVWPLVRNDLSYVAQYWNQTGYDLWEEVNGSSFFTIAVQHRALVEGSAFATAVGSSCSWCDSQAPQILCYLQSFWTGSYILANFDSRRSGKDTNTLLGSIHTFDPEAGCDDSTFQPCSPRALANHKEVVDSFRSIYTLNDGLSDSEAVAVGRYPEDSYYNGNPWFQSTLAAAEQLYDALYQWDKQGSLEITDVSLDFFKALYSGAATGTYSSSSSTYSSIVSAVKTFADGFVSIVETHAASNGSLSEQFDKSDGDELSARDLTWSYAALLTANNRRNSVVPPSWGETSASSWPGTCAATSASGTYSSVTVTSWPSIVATGGTTTTATTTGSGGVTSTSKTTTTASKTSTTTSSTSCTTPTAVAVTFDLTATTTYGENIYLVGSISQLGDWETSDGIALSADKYTSSNPLWYVTVTLPAGESFEYKFIRVESDDSVEWESDPNREYTVPQACGESTATVTDTWR
P30289,MRIPPRLVALAGAAAVAATLIAGPVAAAAPASHAVAASSAASASVKAVGRVCYSALPSQAHDTLDLIDEGGPFPYSQDGVVFQNREGLLPAHSTGYYHEYTVITPGSPTRGARRIITGQQWQEDYYTADHYASFRRVDFAC
P04141,MWLQSLLLLGTVACSISAPARSPSPSTQPWEHVNAIQEARRLLNLSRDTAAEMNETVEVISEMFDLQEPTCLQTRLELYKQGLRGSLTKLKGPLTMMASHYKQHCPPTPETSCATQIITFESFKENLKDFLLVIPFDCWEPVQE
P07445,MNLPTAQEVQGLMARYIELVDVGDIEAIVQMYADDATVEDPFGQPPIHGREQIAAFYRQGLGGGKVRACLTGPVRASHNGCGAMPFRVEMVWNGQPCALDVIDVMRFDEHGRIQTMQAYWSEVNLSVREPQ
P04271,MSELEKAMVALIDVFHQYSGREGDKHKLKKSELKELINNELSHFLEEIKEQEVVDKVMETLDNDGDGECDFQEFMAFVAMVTTACHEFFEHE
P13444,MNGPVDGLCDHSLSEEGAFMFTSESVGEGHPDKICDQISDAVLDAHLKQDPNAKVACETVCKTGMVLLCGEITSMAMIDYQRVVRDTIKHIGYDDSAKGFDFKTCNVLVALEQQSPDIAQCVHLDRNEEDVGAGDQGLMFGYATDETEECMPLTIVLAHKLNTRMADLRRSGVLPWLRPDSKTQVTVQYVQDNGAVIPVRVHTIVISVQHNEDITLEAMREALKEQVIKAVVPAKYLDEDTIYHLQPSGRFVIGGPQGDAGVTGRKIIVDTYGGWGAHGGGAFSGKDYTKVDRSAAYAARWVAKSLVKAGLCRRVLVQVSYAIGVAEPLSISIFTYGTSKKTERDELLEVVNKNFDLRPGVIVRDLDLKKPIYQKTACYGHFGRSEFPWEVPKKLVF
P62942,MGVQVETISPGDGRTFPKRGQTCVVHYTGMLEDGKKFDSSRDRNKPFKFMLGKQEVIRGWEEGVAQMSVGQRAKLTISPDYAYGATGHPGIIPPHATLVFDVELLKLE
P02945,MLELLPTAVEGVSQAQITGRPEWIWLALGTALMGLGTLYFLVKGMGVSDPDAKKFYAITTLVPAIAFTMYLSMLLGYGLTMVPFGGEQNPIYWARYADWLFTTPLLLLDLALLVDADQGTILALVGADGIMIGTGLVGALTKVYSYRFVWWAISTAAMLYILYVLFFGFTSKAESMRPEVASTFKVLRNVTVVLWSAYPVVWLIGSEGAGIVPLNIETLLFMVLDVSAKVGFGLILLRSRAIFGEAEAPEPSAGDGAAATSD
P0A6F9,MNIRPLHDRVIVKRKEVETKSAGGIVLTGSAAAKSTRGEVLAVGNGRILENGEVKPLDVKVGDIVIFNDGYGVKSEKIDNEEVLIMSESDILAIVEA
P01051,TEFGSELKSFPEVVGKTVDQAREYFTLHYPQYDVYFLPEGSPVTLDLRYNRVRVFYNPGTNVVNHVPHVG
P02693,MAFDGTWKVDRNENYEKFMEKMGINVVKRKLGAHDNLKLTITQEGNKFTVKESSNFRNIDVVFELGVDFAYSLADGTELTGTWTMEGNKLVGKFKRVDNGKELIAVREISGNELIQTYTYEGVEAKRIFKKE
P0AE67,MADKELKFLVVDDFSTMRRIVRNLLKELGFNNVEEAEDGVDALNKLQAGGYGFVISDWNMPNMDGLELLKTIRADGAMSALPVLMVTAEAKKENIIAAAQAGASGYVVKPFTAATLEEKLNKIFEKLGM
P02752,MLRFAITLFAVITSSTCQQYGCLEGDTHKANPSPEPNMHECTLYSESSCCYANFTEQLAHSPIIKVSNSYWNRCGQLSKSCEDFTKKIECFYRCSPHAARWIDPRYTAAIQSVPLCQSFCDDWYEACKDDSICAHNWLTDWERDESGENHCKSKCVPYSEMYANGTDMCQSMWGESFKVSESSCLCLQMNKKDMVAIKHLLSESSEESSSMSSSEEHACQKKLLKFEALQQEEGEERR
P69542,MIKVEIKPSQAQFTTRSGVSRQGKPYSLNEQLCYVDLGNEYPVLVKITLDEGQPAYAPGLYTVHLSSFKVGQFGSLMIDRLRLVPAK
P00149,MKLRIATIAGLVVLGSGFAVAQTDVIAQRKAILKQMGEATKPIAAMLKGEAKFDQAVVQKSLAAIADDSKKLPALFPADSKTGGDTAALPKIWEDKAKFDDLFAKLAAAATAAQGTIKDEASLKANIGGVLGNCKSCHDDFRAKKS
P00509,MFENITAAPADPILGLADLFRADERPGKINLGIGVYKDETGKTPVLTSVKKAEQYLLENETTKNYLGIDGIPEFGRCTQELLFGKGSALINDKRARTAQTPGGTGALRVAADFLAKNTSVKRVWVSNPSWPNHKSVFNSAGLEVREYAYYDAENHTLDFDALINSLNEAQAGDVVLFHGCCHNPTGIDPTLEQWQTLAQLSVEKGWLPLFDFAYQGFARGLEEDAEGLRAFAAMHKELIVASSYSKNFGLYNERVGACTLVAADSETVDRAFSQMKAAIRANYSNPPAHGASVVATILSNDALRAIWEQELTDMRQRIQRMRQLFVNTLQEKGANRDFSFIIKQNGMFSFSGLTKEQVLRLREEFGVYAVASGRVNVAGMTPDNMAPLCEAIVAVL
P0A434,MQTRRVVLKSAAAAGTLLGGLAGCASVAGSIGTGDRINTVRGPITISEAGFTLTHEHICGSSAGFLRAWPEFFGSRKALAEKAVRGLRRARAAGVRTIVDVSTFDIGRDVSLLAEVSRAADVHIVAATGLWFDPPLSMRLRSVEELTQFFLREIQYGIEDTGIRAGIIKVATTGKATPFQELVLKAAARASLATGVPVTTHTAASQRDGEQQAAIFESEGLSPSRVCIGHSDDTDDLSYLTALAARGYLIGLDHIPHSAIGLEDNASASALLGIRSWQTRALLIKALIDQGYMKQILVSNDWLFGFSSYVTNIMDVMDRVNPDGMAFIPLRVIPFLREKGVPQETLAGITVTNPARFLSPTLRAS
P02633,MSAKKSPEELKGIFEKYAAKEGDPNQLSKEELKLLLQTEFPSLLKGPSTLDELFEELDKNGDGEVSFEEFQVLVKKISQ
P37001,MNVSKYVAIFSFVFIQLISVGKVFANADEWMTTFRENIAQTWQQPEHYDLYIPAITWHARFAYDKEKTDRYNERPWGGGFGLSRWDEKGNWHGLYAMAFKDSWNKWEPIAGYGWESTWRPLADENFHLGLGFTAGVTARDNWNYIPLPVLLPLASVGYGPVTFQMTYIPGTYNNGNVYFAWMRFQF
P00560,MSLSSKLSVQDLDLKDKRVFIRVDFNVPLDGKKITSNQRIVAALPTIKYVLEHHPRYVVLASHLGRPNGERNEKYSLAPVAKELQSLLGKDVTFLNDCVGPEVEAAVKASAPGSVILLENLRYHIEEEGSRKVDGQKVKASKEDVQKFRHELSSLADVYINDAFGTAHRAHSSMVGFDLPQRAAGFLLEKELKYFGKALENPTRPFLAILGGAKVADKIQLIDNLLDKVDSIIIGGGMAFTFKKVLENTEIGDSIFDKAGAEIVPKLMEKAKAKGVEVVLPVDFIIADAFSADANTKTVTDKEGIPAGWQGLDNGPESRKLFAATVAKAKTIVWNGPPGVFEFEKFAAGTKALLDEVVKSSAAGNTVIIGGGDTATVAKKYGVTDKISHVSTGGGASLELLEGKELPGVAFLSEKK
P00025,MGDVAKGKKTFVQKCAQCHTVENGGKHKVGPNLWGLFGRKTGQAEGYSYTDANKSKGIVWNENTLMEYLENPKKYIPGTKMIFAGIKKKGERQDLVAYLKSATS
P18912,MNKKTIRDVDVRGKRVFCRVDFNVPMEQGAITDDTRIRAALPTIRYLIEHGAKVILASHLGRPKGKVVEELRLDAVAKRLGELLERPVAKTNEAVGDEVKAAVDRLNEGDVLLLENVRFYPGEEKNDPELAKAFAELADLYVNDAFGAAHRAHASTEGIAHYLPAVAGFLMEKELEVLGKALSNPDRPFTAIIGGAKVKDKIGVIDNLLEKVDNLIIGGGLAYTFVKALGHDVGKSLLEEDKIELAKSFMEKAKEKGVRFYMPVDVVVADRFANDANTKVVPIDAIPADWSALDIGPKTRELYRDVIRESKLVVWNGPMGVFEMDAFAHGTKAIAEALAEALDTYSVIGGGDSAAAVEKFGLADKMDHISTGGGASLEFMEGKQLPGVVALEDK
P60174,MAPSRKFFVGGNWKMNGRKQSLGELIGTLNAAKVPADTEVVCAPPTAYIDFARQKLDPKIAVAAQNCYKVTNGAFTGEISPGMIKDCGATWVVLGHSERRHVFGESDELIGQKVAHALAEGLGVIACIGEKLDEREAGITEKVVFEQTKVIADNVKDWSKVVLAYEPVWAIGTGKTATPQQAQEVHEKLRGWLKSNVSDAVAQSTRIIYGGSVTGATCKELASQPDVDGFLVGGASLKPEFVDIINAKQ
P00952,MDLLAELQWRGLVNQTTDEDGLRKLLNEERVTLYCGFDPTADSLHIGHLATILTMRRFQQAGHRPIALVGGATGLIGDPSGKKSERTLNAKETVEAWSARIKEQLGRFLDFEADGNPAKIKNNYDWIGPLDVITFLRDVGKHFSVNYMMAKESVQSRIETGISFTEFSYMMLQAYDFLRLYETEGCRLQIGGSDQWGNITAGLELIRKTKGEARAFGLTIPLVTKADGTKFGKTESGTIWLDKEKTSPYEFYQFWINTDDRDVIRYLKYFTFLSKEEIEALEQELREAPEKRAAQKTLAEEVTKLVHGEEALRQAIRISEALFSGDIANLTAAEIEQGFKDVPSFVHEGGDVPLVELLVSAGISPSKRQAREDIQNGAIYVNGERLQDVGAILTAEHRLEGRFTVIRRGKKKYYLIRYA
P09167,MQKIKLTGLSLIISGLLMAQAQAAEPVYPDQLRLFSLGQGVCGDKYRPVNREEAQSVKSNIVGMMGQWQISGLANGWVIMGPGYNGEIKPGTASNTWCYPTNPVTGEIPTLSALDIPDGDEVDVQWRLVHDSANFIKPTSYLAHYLGYAWVGGNHSQYVGEDMDVTRDGDGWVIRGNNDGGCDGYRCGDKTAIKVSNFAYNLDPDSFKHGDVTQSDRQLVKTVVGWAVNDSDTPQSGYDVTLRYDTATNWSKTNTYGLSEKVTTKNKFKWPLVGETELSIEIAANQSWASQNGGSTTTSLSQSVRPTVPARSKIPVKIELYKADISYPYEFKADVSYDLTLSGFLRWGGNAWYTHPDNRPNWNHTFVIGPYKDKASSIRYQWDKRYIPGEVKWWDWNWTIQQNGLSTMQNNLARVLRPVRAGITGDFSAESQFAGNIEIGAPVPLAADSKVRRARSVDGAGQGLRLEIPLDAQELSGLGFNNVSLSVTPAANQ
P06396,MAPHRPAPALLCALSLALCALSLPVRAATASRGASQAGAPQGRVPEARPNSMVVEHPEFLKAGKEPGLQIWRVEKFDLVPVPTNLYGDFFTGDAYVILKTVQLRNGNLQYDLHYWLGNECSQDESGAAAIFTVQLDDYLNGRAVQHREVQGFESATFLGYFKSGLKYKKGGVASGFKHVVPNEVVVQRLFQVKGRRVVRATEVPVSWESFNNGDCFILDLGNNIHQWCGSNSNRYERLKATQVSKGIRDNERSGRARVHVSEEGTEPEAMLQVLGPKPALPAGTEDTAKEDAANRKLAKLYKVSNGAGTMSVSLVADENPFAQGALKSEDCFILDHGKDGKIFVWKGKQANTEERKAALKTASDFITKMDYPKQTQVSVLPEGGETPLFKQFFKNWRDPDQTDGLGLSYLSSHIANVERVPFDAATLHTSTAMAAQHGMDDDGTGQKQIWRIEGSNKVPVDPATYGQFYGGDSYIILYNYRHGGRQGQIIYNWQGAQSTQDEVAASAILTAQLDEELGGTPVQSRVVQGKEPAHLMSLFGGKPMIIYKGGTSREGGQTAPASTRLFQVRANSAGATRAVEVLPKAGALNSNDAFVLKTPSAAYLWVGTGASEAEKTGAQELLRVLRAQPVQVAEGSEPDGFWEALGGKAAYRTSPRLKDKKMDAHPPRLFACSNKIGRFVIEEVPGELMQEDLATDDVMLLDTWDQVFVWVGKDSQEEEKTEALTSAKRYIETDPANRDRRTPITVVKQGFEPPSFVGWFLGWDDDYWSVDPLDRAMAELAA
P80401,MFHHSLAAAAAALLALAAPGFAATHEVHMLNKGESGAMVFEPAFVRAEPGDVINFVPTDKSHNVEAIKEILPEGVESFKSKINESYTLTVTEPGLYGVKCTPHFGMGMVGLVQVGDAPENLDAAKTAKMPKKARERMDAELAQVN
P55051,MVDAFCATWKLTDSQNFDEYMKALGVGFATRQVGNVTKPTVIISQEGGKVVIRTQCTFKNTEISFQLGEEFEETSIDDRNCKSVIRLDGDKLIHVQKWDGKETNCVREIKDGKMVVTLTFGDVVAVRCYEKA
P05825,MNKKIHSLALLVNLGIYGVAQAQEPTDTPVSHDDTIVVTAAEQNLQAPGVSTITADEIRKNPVARDVSKIIRTMPGVNLTGNSTSGQRGNNRQIDIRGMGPENTLILIDGKPVSSRNSVRQGWRGERDTRGDTSWVPPEMIERIEVLRGPAAARYGNGAAGGVVNIITKKGSGEWHGSWDAYFNAPEHKEEGATKRTNFSLTGPLGDEFSFRLYGNLDKTQADAWDINQGHQSARAGTYATTLPAGREGVINKDINGVVRWDFAPLQSLELEAGYSRQGNLYAGDTQNTNSDSYTRSKYGDETNRLYRQNYALTWNGGWDNGVTTSNWVQYEHTRNSRIPEGLAGGTEGKFNEKATQDFVDIDLDDVMLHSEVNLPIDFLVNQTLTLGTEWNQQRMKDLSSNTQALTGTNTGGAIDGVSTTDRSPYSKAEIFSLFAENNMELTDSTIVTPGLRFDHHSIVGNNWSPALNISQGLGDDFTLKMGIARAYKAPSLYQTNPNYILYSKGQGCYASAGGCYLQGNDDLKAETSINKEIGLEFKRDGWLAGVTWFRNDYRNKIEAGYVAVGQNAVGTDLYQWDNVPKAVVEGLEGSLNVPVSETVMWTNNITYMLKSENKTTGDRLSIIPEYTLNSTLSWQAREDLSMQTTFTWYGKQQPKKYNYKGQPAVGPETKEISPYSIVGLSATWDVTKNVSLTGGVDNLFDKRLWRAGNAQTTGDLAGANYIAGAGAYTYNEPGRTWYMSVNTHF
P00805,MEFFKKTALAALVMGFSGAALALPNITILATGGTIAGGGDSATKSNYTVGKVGVENLVNAVPQLKDIANVKGEQVVNIGSQDMNDNVWLTLAKKINTDCDKTDGFVITHGTDTMEETAYFLDLTVKCDKPVVMVGAMRPSTSMSADGPFNLYNAVVTAADKASANRGVLVVMNDTVLDGRDVTKTNTTDVATFKSVNYGPLGYIHNGKIDYQRTPARKHTSDTPFDVSKLNELPKVGIVYNYANASDLPAKALVDAGYDGIVSAGVGNGNLYKSVFDTLATAAKTGTAVVRSSRVPTGATTQDAEVDDAKYGFVASGTLNPQKARVLLQLALTQTKDPQQIQQIFNQY
P04156,MANLGCWMLVLFVATWSDLGLCKKRPKPGGWNTGGSRYPGQGSPGGNRYPPQGGGGWGQPHGGGWGQPHGGGWGQPHGGGWGQPHGGGWGQGGGTHSQWNKPSKPKTNMKHMAGAAAAGAVVGGLGGYMLGSAMSRPIIHFGSDYEDRYYRENMHRYPNQVYYRPMDEYSNQNNFVHDCVNITIKQHTVTTTTKGENFTETDVKMMERVVEQMCITQYERESQAYYQRGSSMVLFSSPPVILLISFLIFLIVG
P17778,MFINPRNVSNTFLQEPLRHSSNLTEMPVEAENVKSKTEYYNAWSEWERNAPPGNGEQREMAVSRLRDCLDRQAHELELNNLGLSSLPELPPHLESLVASCNSLTELPELPQSLKSLLVDNNNLKALSDLPPLLEYLGVSNNQLEKLPELQNSSFLKIIDVDNNSLKKLPDLPPSLEFIAAGNNQLEELPELQNLPFLTAIYADNNSLKKLPDLPLSLESIVAGNNILEELPELQNLPFLTTIYADNNLLKTLPDLPPSLEALNVRDNYLTDLPELPQSLTFLDVSENIFSGLSELPPNLYYLNASSNEIRSLCDLPPSLEELNVSNNKLIELPALPPRLERLIASFNHLAEVPELPQNLKQLHVEYNPLREFPDIPESVEDLRMNSERVVDPYEFAHETTDKLEDDVFE
P04525,MKLSKDTTALLKNFATINSGIMLKSGQFIMTRAVNGTTYAEANISDVIDFDVAIYDLNGFLGILSLVNDDAEISQSEDGNIKIADARSTIFWPAADPSTVVAPNKPIPFPVASAVTEIKAEDLQQLLRVSRGLQIDTIAITVKEGKIVINGFNKVEDSALTRVKYSLTLGDYDGENTFNFIINMANMKMQPGNYKLLLWAKGKQGAAKFEGEHANYVVALEADSTHDF
O95363,MVGSALRRGAHAYVYLVSKASHISRGHQHQAWGSRPPAAECATQRAPGSVVELLGKSYPQDDHSNLTRKVLTRVGRNLHNQQHHPLWLIKERVKEHFYKQYVGRFGTPLFSVYDNLSPVVTTWQNFDSLLIPADHPSRKKGDNYYLNRTHMLRAHTSAHQWDLLHAGLDAFLVVGDVYRRDQIDSQHYPIFHQLEAVRLFSKHELFAGIKDGESLQLFEQSSRSAHKQETHTMEAVKLVEFDLKQTLTRLMAHLFGDELEIRWVDCYFPFTHPSFEMEINFHGEWLEVLGCGVMEQQLVNSAGAQDRIGWAFGLGLERLAMILYDIPDIRLFWCEDERFLKQFCVSNINQKVKFQPLSKYPAVINDISFWLPSENYAENDFYDLVRTIGGDLVEKVDLIDKFVHPKTHKTSHCYRITYRHMERTLSQREVRHIHQALQEAAVQLLGVEGRF
P00558,MSLSNKLTLDKLDVKGKRVVMRVDFNVPMKNNQITNNQRIKAAVPSIKFCLDNGAKSVVLMSHLGRPDGVPMPDKYSLEPVAVELKSLLGKDVLFLKDCVGPEVEKACANPAAGSVILLENLRFHVEEEGKGKDASGNKVKAEPAKIEAFRASLSKLGDVYVNDAFGTAHRAHSSMVGVNLPQKAGGFLMKKELNYFAKALESPERPFLAILGGAKVADKIQLINNMLDKVNEMIIGGGMAFTFLKVLNNMEIGTSLFDEEGAKIVKDLMSKAEKNGVKITLPVDFVTADKFDENAKTGQATVASGIPAGWMGLDCGPESSKKYAEAVTRAKQIVWNGPVGVFEWEAFARGTKALMDEVVKATSRGCITIIGGGDTATCCAKWNTEDKVSHVSTGGGASLELLEGKVLPGVDALSNI
P20533,MINLNKHTAFKKTAKFFLGLSLLLSVIVPSFALQPATAEAADSYKIVGYYPSWAAYGRNYNVADIDPTKVTHINYAFADICWNGIHGNPDPSGPNPVTWTCQNEKSQTINVPNGTIVLGDPWIDTGKTFAGDTWDQPIAGNINQLNKLKQTNPNLKTIISVGGWTWSNRFSDVAATAATREVFANSAVDFLRKYNFDGVDLDWEYPVSGGLDGNSKRPEDKQNYTLLLSKIREKLDAAGAVDGKKYLLTIASGASATYAANTELAKIAAIVDWINIMTYDFNGAWQKISAHNAPLNYDPAASAAGVPDANTFNVAAGAQGHLDAGVPAAKLVLGVPFYGRGWDGCAQAGNGQYQTCTGGSSVGTWEAGSFDFYDLEANYINKNGYTRYWNDTAKVPYLYNASNKRFISYDDAESVGYKTAYIKSKGLGGAMFWELSGDRNKTLQNKLKADLPTGGTVPPVDTTAPSVPGNARSTGVTANSVTLAWNASTDNVGVTGYNVYNGANLATSVTGTTATISGLTAGTSYTFTIKAKDAAGNLSAASNAVTVSTTAQPGGDTQAPTAPTNLASTAQTTSSITLSWTASTDNVGVTGYDVYNGTALATTVTGTTATISGLAADTSYTFTVKAKDAAGNVSAASNAVSVKTAAETTNPGVSAWQVNTAYTAGQLVTYNGKTYKCLQPHTSLAGWEPSNVPALWQLQ
Q03689,MSEPFGIVAGALNVAGLFNNCVDCFEYVQLGRPFGRDYERCQLRLDIAKARLSRWGEAVKINDDPRFHSDAPTDKSVQLAKSIVEEILLLFESAQKTSKRYELVADQQDLVVFEDKDMKPIGRALHRRLNDLVSRRQKQTSLAKKTAWALYDGKSLEKIVDQVARFVDELEKAFPIEAVCHKLAEIEIEEVEDEASLTILKDAAGGIDAAMSDAAAQKIDAIVGRNSAKDIRTEERARVQLGNVVTAAALHGGIRISDQTTNSVETVVGKGESRVLIGNEYGGKGFWDN
P13726,METPAWPRVPRPETAVARTLLLGWVFAQVAGASGTTNTVAAYNLTWKSTNFKTILEWEPKPVNQVYTVQISTKSGDWKSKCFYTTDTECDLTDEIVKDVKQTYLARVFSYPAGNVESTGSAGEPLYENSPEFTPYLETNLGQPTIQSFEQVGTKVNVTVEDERTLVRRNNTFLSLRDVFGKDLIYTLYYWKSSSSGKKTAKTNTNEFLIDVDKGENYCFSVQAVIPSRTVNRKSTDSPVECMGQEKGEFREIFYIIGAVVFVVIILVIILAISLHKCRKAGVGQSWKENSPLNVS
P69797,MTIAIVIGTHGWAAEQLLKTAEMLLGEQENVGWIDFVPGENAETLIEKYNAQLAKLDTTKGVLFLVDTWGGSPFNAASRIVVDKEHYEVIAGVNIPMLVETLMARDDDPSFDELVALAVETGREGVKALKAKPVEKAAPAPAAAAPKAAPTPAKPMGPNDYMVIGLARIDDRLIHGQVATRWTKETNVSRIIVVSDEVAADTVRKTLLTQVAPPGVTAHVVDVAKMIRVYNNPKYAGERVMLLFTNPTDVERLVEGGVKITSVNVGGMAFRQGKTQVNNAVSVDEKDIEAFKKLNARGIELEVRKVSTDPKLKMMDLISKIDK
P0ACT4,MARLNRESVIDAALELLNETGIDGLTTRKLAQKLGIEQPTLYWHVKNKRALLDALAVEILARHHDYSLPAAGESWQSFLRNNAMSFRRALLRYRDGAKVHLGTRPDEKQYDTVETQLRFMTENGFSLRDGLYAISAVSHFTLGAVLEQQEHTAALTDRPAAPDENLPPLLREALQIMDSDDGEQAFLHGLESLIRGFEVQLTALLQIVGGDKLIIPFC
P09012,MAVPETRPNHTIYINNLNEKIKKDELKKSLYAIFSQFGQILDILVSRSLKMRGQAFVIFKEVSSATNALRSMQGFPFYDKPMRIQYAKTDSDIIAKMKGTFVERDRKREKRKPKSQETPATKKAVQGGGATPVVGAVQGPVPGMPPMTQAPRIMHHMPGQPPYMPPPGMIPPPGLAPGQIPPGAMPPQQLMPGQMPPAQPLSENPPNHILFLTNLPEETNELMLSMLFNQFPGFKEVRLVPGRHDIAFVEFDNEVQAGAARDALQGFKITQNNAMKISFAKK
P00807,MKKLIFLIVIALVLSACNSNSSHAKELNDLEKKYNAHIGVYALDTKSGKEVKFNSDKRFAYASTSKAINSAILLEQVPYNKLNKKVHINKDDIVAYSPILEKYVGKDITLKALIEASMTYSDNTANNKIIKEIGGIKKVKQRLKELGDKVTNPVRYEIELNYYSPKSKKDTSTPAAFGKTLNKLIANGKLSKENKKFLLDLMLNNKSGDTLIKDGVPKDYKVADKSGQAITYASRNDVAFVYPKGQSEPIVLVIFTNKDNKSDKPNDKLISETAKSVMKEF
P83876,MSYMLPHLHNGWQVDQAILSEEDRVVVIRFGHDWDPTCMKMDEVLYSIAEKVKNFAVIYLVDITEVPDFNKMYELYDPCTVMFFFRNKHIMIDLGTGNNNKINWAMEDKQEMVDIIETVYRGARKGRGLVVSPKDYSTKYRY
P03958,MAQTPAFNKPKVELHVHLDGAIKPETILYFGKKRGIALPADTVEELRNIIGMDKPLSLPGFLAKFDYYMPVIAGCREAIKRIAYEFVEMKAKEGVVYVEVRYSPHLLANSKVDPMPWNQTEGDVTPDDVVDLVNQGLQEGEQAFGIKVRSILCCMRHQPSWSLEVLELCKKYNQKTVVAMDLAGDETIEGSSLFPGHVEAYEGAVKNGIHRTVHAGEVGSPEVVREAVDILKTERVGHGYHTIEDEALYNRLLKENMHFEVCPWSSYLTGAWDPKTTHAVVRFKNDKANYSLNTDDPLIFKSTLDTDYQMTKKDMGFTEEEFKRLNINAAKSSFLPEEEKKELLERLYREYQ
P10912,MDLWQLLLTLALAGSSDAFSGSEATAAILSRAPWSLQSVNPGLKTNSSKEPKFTKCRSPERETFSCHWTDEVHHGTKNLGPIQLFYTRRNTQEWTQEWKECPDYVSAGENSCYFNSSFTSIWIPYCIKLTSNGGTVDEKCFSVDEIVQPDPPIALNWTLLNVSLTGIHADIQVRWEAPRNADIQKGWMVLEYELQYKEVNETKWKMMDPILTTSVPVYSLKVDKEYEVRVRSKQRNSGNYGEFSEVLYVTLPQMSQFTCEEDFYFPWLLIIIFGIFGLTVMLFVFLFSKQQRIKMLILPPVPVPKIKGIDPDLLKEGKLEEVNTILAIHDSYKPEFHSDDSWVEFIELDIDEPDEKTEESDTDRLLSSDHEKSHSNLGVKDGDSGRTSCCEPDILETDFNANDIHEGTSEVAQPQRLKGEADLLCLDQKNQNNSPYHDACPATQQPSVIQAEKNKPQPLPTEGAESTHQAAHIQLSNPSSLSNIDFYAQVSDITPAGSVVLSPGQKNKAGMSQCDMHPEMVSLCQENFLMDNAYFCEADAKKCIPVAPHIKVESHIQPSLNQEDIYITTESLTTAAGRPGTGEHVPGSEMPVPDYTSIHIVQSPQGLILNATALPLPDKEFLSSCGYVSTDQLNKIMP
P0ACJ8,MVLGKPQTDPTLEWFLSHCHIHKYPSKSTLIHQGEKAETLYYIVKGSVAVLIKDEEGKEMILSYLNQGDFIGELGLFEEGQERSAWVRAKTACEVAEISYKKFRQLIQVNPDILMRLSAQMARRLQVTSEKVGNLAFLDVTGRIAQTLLNLAKQPDAMTHPDGMQIKITRQEIGQIVGCSRETVGRILKMLEDQNLISAHGKTIVVYGTR
P00592,MKFLVLAVLLTVGAAQEGISSRALWQFRSMIKCAIPGSHPLMDFNNYGCYCGLGGSGTPVDELDRCCETHDNCYRDAKNLDSCKFLVDNPYTESYSYSCSNTEITCNSKNNACEAFICNCDRNAAICFSKAPYNKEHKNLDTKKYC
P01868,AKTTPPSVYPLAPGSAAQTNSMVTLGCLVKGYFPEPVTVTWNSGSLSSGVHTFPAVLQSDLYTLSSSVTVPSSPRPSETVTCNVAHPASSTKVDKKIVPRDCGCKPCICTVPEVSSVFIFPPKPKDVLTITLTPKVTCVVVDISKDDPEVQFSWFVDDVEVHTAQTQPREEQFNSTFRSVSELPIMHQDWLNGKEFKCRVNSAAFPAPIEKTISKTKGRPKAPQVYTIPPPKEQMAKDKVSLTCMITDFFPEDITVEWQWNGQPAENYKNTQPIMNTNGSYFVYSKLNVQKSNWEAGNTFTCSVLHEGLHNHHTEKSLSHSPGK
P02526,MGKITFYEDRGFQGHCYECSSDCPNLQPYFSRCNSIRVDSGCWMLYERPNYQGHQYFLRRGDYPDYQQWMGFNDSIRSCRLIPQHTGTFRMRIYERDDFRGQMSEITDDCPSLQDRFHLTEVHSLNVLEGSWVLYEMPSYRGRQYLLRPGEYRRYLDWGAMNAKVGSLRRVMDFY
P15917,MNIKKEFIKVISMSCLVTAITLSGPVFIPLVQGAGGHGDVGMHVKEKEKNKDENKRKDEERNKTQEEHLKEIMKHIVKIEVKGEEAVKKEAAEKLLEKVPSDVLEMYKAIGGKIYIVDGDITKHISLEALSEDKKKIKDIYGKDALLHEHYVYAKEGYEPVLVIQSSEDYVENTEKALNVYYEIGKILSRDILSKINQPYQKFLDVLNTIKNASDSDGQDLLFTNQLKEHPTDFSVEFLEQNSNEVQEVFAKAFAYYIEPQHRDVLQLYAPEAFNYMDKFNEQEINLSLEELKDQRMLARYEKWEKIKQHYQHWSDSLSEEGRGLLKKLQIPIEPKKDDIIHSLSQEEKELLKRIQIDSSDFLSTEEKEFLKKLQIDIRDSLSEEEKELLNRIQVDSSNPLSEKEKEFLKKLKLDIQPYDINQRLQDTGGLIDSPSINLDVRKQYKRDIQNIDALLHQSIGSTLYNKIYLYENMNINNLTATLGADLVDSTDNTKINRGIFNEFKKNFKYSISSNYMIVDINERPALDNERLKWRIQLSPDTRAGYLENGKLILQRNIGLEIKDVQIIKQSEKEYIRIDAKVVPKSKIDTKIQEAQLNINQEWNKALGLPKYTKLITFNVHNRYASNIVESAYLILNEWKNNIQSDLIKKVTNYLVDGNGRFVFTDITLPNIAEQYTHQDEIYEQVHSKGLYVPESRSILLHGPSKGVELRNDSEGFIHEFGHAVDDYAGYLLDKNQSDLVTNSKKFIDIFKEEGSNLTSYGRTNEAEFFAEAFRLMHSTDHAERLKVQKNAPKTFQFINDQIKFIINS
P13423,MKKRKVLIPLMALSTILVSSTGNLEVIQAEVKQENRLLNESESSSQGLLGYYFSDLNFQAPMVVTSSTTGDLSIPSSELENIPSENQYFQSAIWSGFIKVKKSDEYTFATSADNHVTMWVDDQEVINKASNSNKIRLEKGRLYQIKIQYQRENPTEKGLDFKLYWTDSQNKKEVISSDNLQLPELKQKSSNSRKKRSTSAGPTVPDRDNDGIPDSLEVEGYTVDVKNKRTFLSPWISNIHEKKGLTKYKSSPEKWSTASDPYSDFEKVTGRIDKNVSPEARHPLVAAYPIVHVDMENIILSKNEDQSTQNTDSQTRTISKNTSTSRTHTSEVHGNAEVHASFFDIGGSVSAGFSNSNSSTVAIDHSLSLAGERTWAETMGLNTADTARLNANIRYVNTGTAPIYNVLPTTSLVLGKNQTLATIKAKENQLSQILAPNNYYPSKNLAPIALNAQDDFSSTPITMNYNQFLELEKTKQLRLDTDQVYGNIATYNFENGRVRVDTGSNWSEVLPQIQETTARIIFNGKDLNLVERRIAAVNPSDPLETTKPDMTLKEALKIAFGFNEPNGNLQYQGKDITEFDFNFDQQTSQNIKNQLAELNATNIYTVLDKIKLNAKMNILIRDKRFHYDRNNIAVGADESVVKEAHREVINSSTEGLLLNIDKDIRKILSGYIVEIEDTEGLKEVINDRYDMLNISSLRQDGKTFIDFKKYNDKLPLYISNPNYKVNVYAVTKENTIINPSENGDTSTNGIKKILIFSKKGYEIG
P61024,MSHKQIYYSDKYDDEEFEYRHVMLPKDIAKLVPKTHLMSESEWRNLGVQQSQGWVHYMIHEPEPHILLFRRPLPKKPKK
P13479,MELKHSISDYTEAEFLQLVTTICNADTSSEEELVKLVTHFEEMTEHPSGSDLIYYPKEGDDDSPSGIVNTVKQWRAANGKSGFKQG
O75400,MRPGTGAERGGLMVSEMESHPPSQGPGDGERRLSGSSLCSGSWVSADGFLRRRPSMGHPGMHYAPMGMHPMGQRANMPPVPHGMMPQMMPPMGGPPMGQMPGMMSSVMPGMMMSHMSQASMQPALPPGVNSMDVAAGTASGAKSMWTEHKSPDGRTYYYNTETKQSTWEKPDDLKTPAEQLLSKCPWKEYKSDSGKPYYYNSQTKESRWAKPKELEDLEGYQNTIVAGSLITKSNLHAMIKAEESSKQEECTTTSTAPVPTTEIPTTMSTMAAAEAAAAVVAAAAAAAAAAAAANANASTSASNTVSGTVPVVPEPEVTSIVATVVDNENTVTISTEEQAQLTSTPAIQDQSVEVSSNTGEETSKQETVADFTPKKEEEESQPAKKTYTWNTKEEAKQAFKELLKEKRVPSNASWEQAMKMIINDPRYSALAKLSEKKQAFNAYKVQTEKEEKEEARSKYKEAKESFQRFLENHEKMTSTTRYKKAEQMFGEMEVWNAISERDRLEIYEDVLFFLSKKEKEQAKQLRKRNWEALKNILDNMANVTYSTTWSEAQQYLMDNPTFAEDEELQNMDKEDALICFEEHIRALEKEEEEEKQKSLLRERRRQRKNRESFQIFLDELHEHGQLHSMSSWMELYPTISSDIRFTNMLGQPGSTALDLFKFYVEDLKARYHDEKKIIKDILKDKGFVVEVNTTFEDFVAIISSTKRSTTLDAGNIKLAFNSLLEKAEAREREREKEEARKMKRKESAFKSMLKQAAPPIELDAVWEDIRERFVKEPAFEDITLESERKRIFKDFMHVLEHECQHHHSKNKKHSKKSKKHHRKRSRSRSGSDSDDDDSHSKKKRQRSESRSASEHSSSAESERSYKKSKKHKKKSKKRRHKSDSPESDAEREKDKKEKDRESEKDRTRQRSESKHKSPKKKTGKDSGNWDTSGSELSEGELEKRRRTLLEQLDDDQ
P07107,MSQAEFDKAAEEVKHLKTKPADEEMLFIYSHYKQATVGDINTERPGMLDFKGKAKWDAWNELKGTSKEDAMKAYIDKVEELKKKYGI
Q6RYA0,MKEGKHFVLVHGACHGGWSWYKLKPLLEAAGHKVTALDLAASGTDLRKIEELRTLYDYTLPLMELMESLSADEKVILVGHSLGGMNLGLAMEKYPQKIYAAVFLAAFMPDSVHNSSFVLEQYNERTPAENWLDTQFLPYGSPEEPLTSMFFGPKFLAHKLYQLCSPEDLALASSLVRPSSLFMEDLSKAKYFTDERFGSVKRVYIVCTEDKGIPEEFQRWQIDNIGVTEAIEIKGADHMAMLCEPQKLCASLLEIAHKYN
P0A6V1,MVSLEKNDHLMLARQLPLKSVALILAGGRGTRLKDLTNKRAKPAVHFGGKFRIIDFALSNCINSGIRRMGVITQYQSHTLVQHIQRGWSFFNEEMNEFVDLLPAQQRMKGENWYRGTADAVTQNLDIIRRYKAEYVVILAGDHIYKQDYSRMLIDHVEKGARCTVACMPVPIEEASAFGVMAVDENDKIIEFVEKPANPPSMPNDPSKSLASMGIYVFDADYLYELLEEDDRDENSSHDFGKDLIPKITEAGLAYAHPFPLSCVQSDPDAEPYWRDVGTLEAYWKANLDLASVVPELDMYDRNWPIRTYNESLPPAKFVQDRSGSHGMTLNSLVSGGCVISGSVVVQSVLFSRVRVNSFCNIDSAVLLPEVWVGRSCRLRRCVIDRACVIPEGMVIGENAEEDARRFYRSEEGIVLVTREMLRKLGHKQER
